Average High Temperature,Average Low Temperature,Average Pressure,Average wind speed,Average max. wind speed,Avergae wind speed gusts,Average humidity,Average rainfall,Average rain fall days,Average day light,Average sunshine,Average sunshine days,Average UV inedx,Average Cloud cover,Average Visability
72.3,51.6,30.09,4.6,5.7,8.5,54,1.73,5.0,10.385693,7.54364,26.7,4,12,6
78.3,64.8,29.9,4.5,5.5,6.7,61,0.04,1.6,13.68917,11.9636332,27.9,6,7,6
82.7,64.9,29.89,4.8,5.2,6.3,56,0.04,2.0,13.535751,11.6234905,27.8,6,9,6
65.0,50.5,29.92,5.3,5.3,8.9,55,0.05,2.8,12.425503,6.0586731,23.7,4,21,6
64.2,52.0,30.08,4.7,5.8,9.2,57,1.66,6.1,10.066812,6.0175986,23.1,4,21,6
74.3,55.8,29.89,5.6,5.5,6.2,62,1.15,1.6,12.348288,11.9995836,28.1,6,9,6
65.0,49.8,30.1,5.0,6.3,9.1,54,1.73,6.6,11.014957,6.3946446,21.7,4,22,6
79.9,52.6,29.91,5.2,6.1,7.1,65,0.39,1.6,13.441865,11.595974,28.0,6,7,6
78.1,61.2,29.89,4.5,5.3,7.0,55,0.04,1.6,13.578092,7.0172901,27.4,6,9,6
81.5,59.1,29.96,4.7,6.1,7.7,57,0.37,2.8,13.038995,10.6954779,27.2,5,8,6
69.2,60.7,29.9,4.9,5.4,6.8,60,0.04,2.9,13.102828,10.8818988,25.3,6,17,6
79.6,56.9,29.93,5.8,6.1,7.7,61,0.05,2.1,13.878177,11.9332464,26.5,6,8,6
78.9,60.9,29.9,5.1,5.7,6.5,64,0.05,2.9,13.777527,11.7213405,26.8,6,19,6
73.9,63.6,29.92,6.1,6.7,8.1,60,0.04,3.3,13.909411,11.7789759,24.1,6,17,6
80.8,56.3,29.96,5.3,6.1,9.0,64,0.05,2.0,13.830245,11.022126,27.2,5,8,6
76.9,52.2,30.1,5.7,6.8,8.1,52,1.73,6.9,11.142958,11.9568991,24.2,4,20,6
65.9,59.1,29.9,6.0,6.6,8.7,57,0.04,1.9,12.903085,7.3056628,26.8,5,19,6
71.4,50.4,30.04,4.7,5.1,7.6,53,1.59,4.0,12.054177,10.1779154,25.1,5,17,6
65.7,49.8,30.01,5.5,6.7,8.5,65,1.6,5.1,12.822697,6.6243234,23.2,4,21,6
68.3,53.8,30.09,4.7,5.5,9.1,52,1.6,5.1,10.571365,7.4041368,25.0,4,15,6
65.5,54.5,30.1,5.2,5.9,9.0,54,1.73,6.9,9.944632,6.5434573,21.7,4,22,6
80.2,64.9,29.91,5.3,6.6,6.7,63,0.04,2.2,13.554121,11.9411286,27.9,6,12,6
76.9,56.1,29.91,5.9,6.4,6.9,58,0.05,3.0,13.893906,11.6320777,24.4,6,12,6
82.1,62.7,29.94,5.5,6.7,6.6,56,0.05,2.3,13.907596,11.9975171,27.2,6,7,6
72.5,57.3,29.96,5.3,6.7,7.7,65,0.06,3.8,13.583674,10.7637297,25.8,5,18,6
75.3,50.3,29.95,5.2,6.1,9.0,53,0.07,3.3,13.688549,6.7293894,23.3,5,17,6
67.5,50.9,29.93,5.1,6.3,6.5,55,1.11,2.5,11.967773,10.3383267,26.6,5,11,6
68.5,56.0,29.95,5.8,6.6,8.4,59,0.07,3.8,12.816671,9.2759228,24.7,5,19,6
64.2,50.2,30.09,5.7,6.7,9.2,58,1.4,6.3,11.07405,6.0752376,21.7,4,22,6
69.9,61.8,30.03,5.1,5.8,7.5,54,0.07,4.1,12.255849,11.5705176,26.0,5,20,6
80.0,61.5,30.02,5.5,5.5,7.8,58,1.57,6.1,11.953345,10.8173942,25.0,5,19,6
80.6,64.1,29.89,5.4,5.2,6.7,59,0.04,1.9,13.645853,11.076858,27.3,6,11,6
82.5,64.9,29.91,5.3,6.1,6.3,55,0.04,1.8,13.56165,11.9967817,28.0,6,7,6
81.9,53.1,29.9,4.5,5.9,7.7,60,0.08,1.7,13.449256,7.7830154,28.0,5,8,6
78.6,64.9,29.89,4.7,5.3,6.3,59,0.04,2.0,13.873505,11.9722303,26.9,6,11,6
81.0,57.6,29.91,4.9,5.3,6.3,53,1.36,1.6,11.985981,11.9682041,28.0,6,7,6
78.7,55.4,29.95,4.8,5.3,7.1,56,0.14,1.8,12.802959,10.8716735,27.9,5,10,6
64.8,54.6,30.01,4.8,5.1,7.2,51,1.53,6.1,10.315334,6.7342346,22.4,4,22,6
64.1,50.0,30.1,5.1,5.4,9.2,50,1.73,6.5,9.934594,6.0089964,22.5,4,22,6
64.2,52.0,29.96,5.1,6.3,9.2,57,0.06,4.7,11.020327,6.0077519,23.1,4,22,6
78.8,64.8,29.89,5.2,5.7,6.5,51,0.04,2.7,13.026647,10.3408892,25.7,6,9,6
74.5,51.3,29.96,4.8,6.1,8.7,61,0.17,3.3,13.482251,8.1605436,25.0,5,15,6
80.9,64.9,29.9,5.0,6.0,6.2,62,0.04,1.9,13.617436,11.9975745,28.0,6,10,6
68.0,52.5,30.04,5.2,6.7,7.9,62,1.44,4.1,11.711454,9.8173753,26.3,5,15,6
82.1,61.3,29.89,5.4,5.1,6.2,65,0.04,1.5,14.009691,11.9650531,27.9,6,7,6
80.3,63.3,30.08,5.0,6.4,7.0,53,1.11,4.7,12.562111,11.9875202,26.6,5,9,6
68.5,51.2,29.93,4.7,5.3,8.1,61,0.45,2.7,12.095791,6.9433705,26.2,5,15,6
64.0,49.8,30.08,4.6,6.2,9.3,63,1.11,6.1,12.086064,6.0066667,21.7,4,22,6
76.5,54.7,29.91,5.2,6.2,6.9,52,0.06,3.0,13.57242,10.3422227,25.1,5,14,6
78.2,62.4,29.97,5.4,6.8,6.2,57,1.3,2.6,12.262579,11.9962899,27.9,6,7,6
76.0,50.9,30.09,4.7,5.6,8.3,50,1.73,4.0,10.160545,7.3748191,27.5,4,8,6
65.1,55.2,29.98,5.8,6.7,9.1,52,0.04,4.3,11.888498,6.1166302,23.6,4,22,6
68.5,49.8,30.07,4.9,5.2,9.0,52,1.73,5.6,10.455474,6.1023589,23.1,4,15,6
65.4,54.9,30.09,5.8,6.7,9.3,61,0.25,5.4,11.021016,6.08235,24.8,4,22,6
76.3,50.0,29.89,4.9,5.2,7.1,52,0.29,1.7,12.853473,6.4346186,26.8,6,9,6
82.4,64.4,29.92,4.7,6.1,6.3,55,0.05,1.8,13.429594,11.9960182,28.0,6,7,6
65.5,49.8,30.06,5.6,6.4,9.3,50,1.73,6.0,10.733355,6.0099077,21.7,4,18,6
65.0,49.8,30.04,5.0,5.7,9.3,56,1.62,4.0,10.817024,6.0084265,24.7,4,21,6
78.2,62.2,29.89,4.7,5.3,6.7,62,0.04,1.8,13.89905,10.3008688,26.9,6,13,6
64.6,50.5,29.97,4.6,5.3,8.9,50,0.59,5.0,10.532131,6.0075242,21.9,4,21,6
66.2,59.5,29.91,4.9,5.9,9.1,54,0.04,3.6,13.388261,6.0537815,21.7,4,21,6
70.4,50.0,30.09,5.2,6.1,8.2,64,1.51,3.8,13.478345,11.8927058,25.3,5,16,6
71.1,53.5,29.93,4.8,5.8,6.8,56,1.31,3.6,11.331767,7.6226014,26.6,5,15,6
66.2,53.9,29.91,4.5,5.0,8.6,54,0.04,2.0,11.926157,6.1103816,26.1,5,17,6
78.0,63.6,30.09,4.6,6.6,8.8,52,0.45,4.6,11.549557,10.8980953,27.1,4,11,6
74.1,56.3,29.91,5.3,5.9,8.3,62,0.04,1.7,13.992758,10.427919,26.7,6,18,6
81.8,64.9,29.89,5.3,6.0,6.3,53,0.05,1.8,12.446879,11.9349619,28.0,6,7,6
81.1,61.1,30.06,5.1,6.1,6.9,58,0.95,4.1,13.000552,11.987044,27.4,6,15,6
79.1,58.2,29.95,5.5,6.8,8.9,58,0.06,3.0,13.19769,7.7795615,26.7,5,10,6
66.0,54.1,30.07,5.8,5.9,7.9,57,1.42,4.3,10.707561,10.1978541,26.9,5,21,6
66.9,54.5,29.92,5.9,6.8,9.1,54,0.04,3.1,13.44121,6.5477345,22.9,5,18,6
64.8,57.8,30.09,5.4,6.7,9.3,52,0.55,6.9,11.083598,6.0810208,21.7,4,22,6
73.4,51.4,29.91,5.6,5.9,7.3,63,0.11,2.3,13.713578,11.1124656,25.7,6,11,6
73.7,60.7,30.09,4.5,5.6,8.6,52,1.31,3.6,10.296829,7.4662284,27.9,4,12,6
81.4,60.4,29.93,4.7,5.2,6.6,54,1.41,2.0,11.346326,11.2809793,28.0,6,7,6
78.2,55.1,29.89,4.8,5.1,8.7,58,0.04,1.5,13.866811,6.6452754,28.0,6,9,6
82.0,63.3,29.9,4.7,5.2,6.4,54,0.23,3.3,12.90579,11.104391,26.7,6,9,6
65.2,50.7,30.01,5.1,5.4,8.2,59,0.17,6.2,12.76042,6.6557986,21.8,5,22,6
66.3,50.2,29.98,5.1,6.1,8.8,52,0.25,3.7,11.974829,6.0727286,24.3,4,21,6
64.1,50.0,30.04,5.2,5.8,9.3,58,0.09,3.0,11.705709,6.0777952,23.7,4,20,6
66.2,51.1,30.02,4.7,5.1,9.1,52,1.49,6.7,10.673565,6.0087496,21.7,4,22,6
81.9,49.9,30.0,4.9,6.4,8.8,56,0.95,3.8,13.993515,10.6681275,22.4,5,9,6
82.8,58.7,30.05,4.7,5.7,6.3,52,1.45,1.6,12.547188,11.9998338,28.1,6,7,6
76.7,62.3,29.91,5.1,5.9,7.2,59,0.05,2.7,12.831437,9.4208443,27.3,6,16,6
74.2,61.8,29.92,4.6,5.1,7.6,65,0.26,3.9,12.406341,10.1659115,25.6,6,14,6
68.6,59.1,29.93,4.7,5.8,7.2,54,0.06,3.3,12.409912,9.9288466,25.0,6,15,6
80.3,53.1,29.89,5.7,6.1,6.3,62,0.05,1.9,13.955298,10.7462331,25.7,6,9,6
64.7,54.8,29.97,6.1,6.1,9.0,58,0.09,5.6,12.275257,7.1630366,21.7,5,22,6
82.1,61.2,30.02,5.2,5.9,7.6,53,0.92,4.3,13.05239,11.8868273,25.9,5,8,6
81.7,63.7,29.92,5.0,5.7,6.2,61,0.2,2.6,14.016667,12.0,26.9,6,8,6
68.6,64.1,30.09,5.5,6.7,8.1,62,0.3,5.1,11.486356,11.7970189,27.1,5,21,6
72.6,49.9,30.06,4.8,6.2,8.9,50,1.72,5.3,11.558912,6.4421755,22.7,4,12,6
82.1,63.9,29.92,4.6,5.5,8.0,51,0.06,2.9,12.590725,8.3100363,26.5,5,7,6
68.7,51.1,30.08,5.8,6.8,9.0,58,0.67,4.1,12.832741,9.9028318,24.7,4,15,6
77.0,49.9,30.1,4.6,5.6,8.4,53,1.73,6.1,11.916384,10.1253726,23.2,4,12,6
72.5,59.4,30.08,4.5,5.3,8.4,52,1.46,3.8,10.444769,8.7958576,27.3,4,9,6
67.5,49.8,29.95,4.9,5.5,9.1,62,1.15,4.7,12.780606,6.0295549,22.1,4,21,6
66.2,58.9,29.93,5.6,6.1,8.9,58,0.1,5.3,11.399109,6.097711,22.7,5,21,6
74.0,58.3,30.01,5.1,6.1,7.7,51,1.47,5.9,11.375825,8.8955406,23.2,5,15,6
76.1,64.8,29.9,5.1,6.3,6.9,57,0.04,1.8,12.761691,11.1069375,27.8,6,7,6
79.4,64.4,29.9,5.3,5.8,6.5,57,0.04,2.7,13.620461,11.7488461,26.8,6,16,6
68.9,51.9,29.92,4.6,5.6,8.4,54,0.24,4.5,11.727937,6.035505,24.5,5,22,6
66.1,49.9,30.09,5.1,6.4,8.9,51,0.31,3.4,12.944895,9.7701515,24.2,4,19,6
78.1,55.8,29.97,4.6,5.8,6.9,56,0.05,1.7,13.668823,11.9192667,27.7,6,7,6
64.1,49.8,30.05,5.5,6.4,8.5,64,1.67,6.1,11.442457,6.2671873,21.8,4,22,6
72.6,59.7,29.94,5.4,6.6,8.2,53,0.04,2.1,13.363261,9.9740651,26.6,5,11,6
82.6,52.1,29.95,5.4,6.6,7.3,57,1.51,4.9,13.834693,11.4937206,23.3,5,8,6
65.3,50.0,30.09,5.0,6.2,9.3,53,0.42,4.3,11.006134,6.0070071,24.3,4,21,6
80.1,64.6,29.89,5.1,5.4,6.7,61,0.04,1.7,13.503431,11.4701349,27.7,6,8,6
76.8,61.5,29.89,4.5,5.0,6.5,65,0.04,1.8,13.681474,11.40358,27.4,6,11,6
72.8,50.7,30.08,5.3,6.8,8.4,56,1.6,4.8,12.691968,10.4631895,24.6,4,11,6
66.8,50.1,29.92,4.6,5.3,6.7,51,1.66,6.2,11.270643,6.1673187,21.7,5,22,6
82.3,61.8,29.91,4.6,5.1,7.9,54,0.05,2.6,13.416493,8.9159516,26.9,5,10,6
82.1,64.9,30.01,5.3,6.2,6.5,50,0.07,4.3,12.791097,11.9800011,26.7,5,12,6
70.9,50.8,30.1,4.5,5.1,8.6,50,1.73,5.2,10.15953,6.6842785,26.2,4,16,6
79.0,60.7,30.05,4.6,5.9,8.7,64,0.07,5.0,13.671393,10.7372843,24.9,5,18,6
72.0,50.1,30.1,4.8,6.7,9.0,59,1.73,6.5,12.28354,9.1931736,22.4,4,18,6
70.7,50.2,30.06,4.6,5.3,8.5,53,1.72,6.6,11.444311,6.4610269,21.7,4,21,6
67.7,59.7,29.9,4.9,5.8,8.4,61,0.04,4.1,13.015752,6.212125,23.9,5,22,6
72.4,60.8,29.9,4.8,5.1,7.7,50,0.04,2.0,11.517701,6.4327114,26.9,5,10,6
83.2,64.9,29.89,4.5,5.7,6.2,60,0.04,1.9,13.945889,11.9993358,27.8,6,7,6
66.1,64.5,29.9,4.9,6.0,6.6,55,0.04,2.9,11.120871,8.5154706,27.1,6,19,6
71.4,50.4,30.08,4.7,6.4,9.2,50,1.41,3.6,10.944371,6.1108481,25.4,4,9,6
83.2,64.9,29.89,4.7,6.6,6.7,54,0.04,1.5,14.008944,11.9932325,28.0,6,7,6
64.1,51.6,30.06,6.0,6.8,9.3,59,0.57,6.8,10.867521,6.0113585,21.7,4,22,6
83.3,64.9,29.89,5.1,6.7,6.4,61,0.04,2.2,13.998063,11.9957687,27.5,6,7,6
80.3,64.7,29.91,4.6,5.1,6.6,59,0.04,1.8,12.717109,11.7021355,28.1,6,10,6
76.7,55.1,30.0,4.6,6.1,6.8,56,1.49,3.8,12.118728,10.8214983,26.8,5,10,6
67.6,56.8,29.96,5.7,6.7,7.7,62,0.04,2.8,13.038155,10.2267212,27.1,5,22,6
72.0,55.1,29.98,4.8,6.1,8.8,62,0.66,3.3,11.814224,7.411189,26.6,5,11,6
81.8,64.5,29.91,4.5,5.8,6.3,58,0.05,3.0,13.556947,11.9690555,27.2,6,10,6
65.9,60.6,30.01,4.6,6.1,8.9,58,0.07,4.5,11.068825,6.3601621,25.6,5,21,6
81.8,56.9,29.9,5.1,6.1,6.3,52,0.66,2.9,13.466507,11.8634892,25.9,6,7,6
70.0,63.2,30.09,5.0,5.8,9.2,57,0.09,6.9,12.230527,8.086526,21.7,4,22,6
77.3,64.1,29.91,5.1,6.6,7.0,65,0.04,1.8,13.903709,11.9601438,27.7,6,12,6
78.8,49.9,29.97,5.1,5.6,9.2,55,1.39,4.7,13.460425,6.3366401,22.0,4,15,6
70.9,56.2,29.92,4.9,5.0,6.8,59,0.18,2.1,12.327286,11.4349604,27.2,6,11,6
80.2,61.3,29.9,4.9,5.5,7.0,57,0.05,2.0,13.508595,11.6088916,27.2,6,8,6
64.1,50.1,30.04,5.8,6.5,9.2,52,0.8,5.4,10.623184,6.011573,21.8,4,22,6
74.5,52.0,29.92,4.9,5.2,6.9,63,1.7,4.2,12.02146,9.4772547,25.3,5,10,6
77.4,56.1,30.1,4.9,6.7,9.0,57,0.29,3.0,12.960044,11.7235368,27.7,4,12,6
64.6,52.5,30.07,4.5,5.8,8.7,55,1.59,5.5,10.164099,6.0342978,25.1,4,20,6
78.0,58.7,29.94,6.0,6.7,7.1,50,0.05,2.9,13.311998,10.9197969,26.0,5,13,6
64.0,53.0,30.06,6.0,6.7,9.1,60,0.13,6.5,10.671,6.0274152,21.7,4,22,6
65.9,50.7,30.05,6.1,6.8,9.2,52,0.08,4.8,12.541505,6.4221049,23.0,4,22,6
67.5,49.9,29.96,4.6,5.0,9.0,52,1.7,5.3,10.566577,6.0068787,22.7,4,21,6
72.1,52.0,29.92,4.5,5.6,8.4,60,0.06,1.7,12.61983,6.802623,27.8,5,9,6
81.7,61.6,29.89,4.8,5.8,6.3,54,0.05,1.8,13.319478,10.5656017,27.6,6,7,6
82.2,52.2,29.93,5.0,5.6,7.1,56,1.55,4.7,13.467228,10.8072351,24.3,6,11,6
66.9,58.1,29.91,4.7,5.0,7.6,52,0.58,2.0,10.119861,6.4380879,27.8,6,10,6
69.2,59.3,29.98,5.0,6.5,8.0,53,0.05,2.5,12.089359,9.0944284,27.2,5,15,6
64.6,50.2,30.07,5.3,5.5,9.2,51,1.69,4.5,10.0425,6.0132636,25.6,4,21,6
79.0,64.1,29.94,4.8,5.5,6.4,55,0.87,2.1,10.831446,11.7749903,28.1,6,8,6
75.9,50.2,29.98,4.8,5.2,6.5,60,1.73,5.3,11.319053,10.3035095,25.9,6,19,6
71.2,61.4,29.97,5.4,6.5,7.7,59,0.07,3.8,12.740158,10.8981422,25.7,5,16,6
81.4,59.6,30.07,5.5,6.4,8.4,65,1.29,6.2,13.501691,11.7443442,24.8,5,20,6
64.2,58.1,30.09,5.7,6.6,8.9,53,0.34,6.5,10.715556,7.6130012,22.2,4,22,6
66.9,50.6,30.07,4.9,6.4,8.1,55,1.69,5.7,11.443698,7.8518855,23.3,4,18,6
74.4,54.5,30.03,5.8,6.6,8.5,62,0.57,4.5,13.142676,11.0355239,25.3,5,18,6
83.1,64.9,29.94,4.6,6.2,6.3,60,0.69,3.5,13.169505,11.9976084,27.8,6,7,6
64.1,49.8,30.1,5.3,6.8,9.3,55,1.62,6.9,11.408616,6.007461,21.7,4,22,6
74.7,63.2,29.99,4.9,5.6,8.9,51,0.04,3.9,13.011199,8.3204031,24.6,5,19,6
64.6,49.8,30.09,6.0,6.8,9.2,62,1.57,6.5,12.770671,6.7011223,21.7,4,22,6
78.7,64.3,29.9,5.4,6.5,8.6,60,0.04,1.6,13.988382,11.567263,27.5,6,8,6
70.6,50.1,29.93,5.6,6.3,8.8,57,1.69,6.2,11.906646,6.0497877,21.7,4,21,6
64.2,53.3,30.03,5.6,6.7,9.3,58,0.04,4.6,11.68842,6.0136787,23.1,4,22,6
81.9,53.2,29.89,4.7,6.2,6.4,64,0.45,3.9,13.918916,11.1794291,25.5,6,18,6
64.3,49.8,30.02,5.1,6.5,9.3,59,0.11,3.3,12.005148,6.006754,23.1,4,21,6
82.3,64.7,29.89,4.5,5.0,6.2,53,0.04,1.8,13.288068,11.6218408,27.9,6,9,6
67.8,53.6,29.98,4.6,6.1,6.6,63,1.66,2.2,10.440005,9.7071243,28.1,5,11,6
68.5,50.1,30.05,5.5,6.6,8.0,56,1.73,6.7,11.831262,7.5192944,21.7,4,22,6
77.8,56.1,30.03,4.9,5.5,8.3,57,1.26,3.8,12.227996,10.7956254,26.3,5,10,6
76.1,63.6,29.9,5.1,5.7,6.6,63,0.04,1.9,13.697079,11.9409571,27.8,6,19,6
66.7,58.7,29.89,4.8,5.7,8.8,61,0.04,2.8,12.820851,6.0602451,24.8,5,21,6
64.0,52.5,30.03,5.4,6.5,9.3,51,0.25,6.9,10.254947,6.0066667,21.7,4,22,6
65.6,49.8,30.0,5.7,6.5,8.6,56,1.72,6.5,11.643198,6.10909,21.7,4,22,6
71.1,58.1,29.94,4.7,5.3,7.0,51,0.29,1.7,10.807711,9.2873212,28.0,5,7,6
67.3,56.2,29.96,4.8,5.0,6.4,52,0.3,1.8,11.227029,11.7710266,27.8,6,8,6
72.3,58.3,29.95,5.7,6.4,6.5,52,0.95,2.7,11.270701,11.557784,27.7,6,13,6
77.9,54.2,29.94,4.7,5.6,6.9,60,0.35,2.2,12.972265,11.2373212,27.8,6,13,6
76.4,59.9,29.92,4.6,6.3,6.5,59,0.07,2.0,12.726229,10.8115372,27.9,6,11,6
81.7,53.8,29.98,4.6,5.1,7.8,58,1.33,1.7,11.725241,9.6087838,28.1,5,7,6
82.0,64.1,29.89,4.8,5.5,6.2,60,0.25,3.5,13.394889,11.9675176,27.0,6,13,6
64.2,49.8,30.09,4.9,6.3,9.3,59,1.73,5.1,10.557021,6.0082301,23.7,4,21,6
81.8,64.9,29.93,4.8,6.1,6.2,57,0.04,2.4,13.471151,11.9998716,27.9,6,10,6
68.2,64.9,29.94,4.6,6.2,8.1,50,0.04,3.6,10.731038,6.8453079,26.5,5,18,6
70.2,57.3,30.04,4.6,6.0,8.2,52,1.53,6.6,10.728429,6.2102775,23.0,4,21,6
78.6,60.9,30.03,5.0,5.5,8.1,54,1.66,4.9,10.963968,10.4293168,26.4,5,9,6
70.6,50.6,29.92,4.6,5.5,7.3,51,1.24,2.6,11.793525,7.0895056,24.8,5,7,6
76.0,63.8,29.89,5.1,6.3,7.2,63,0.04,2.3,13.936004,11.662743,26.4,6,19,6
80.8,59.8,30.04,5.6,6.7,7.5,51,1.54,4.2,11.458799,10.7926659,27.4,5,10,6
70.4,52.9,29.91,4.6,5.9,7.6,65,0.04,3.5,13.83312,8.3864956,24.8,6,22,6
66.7,49.9,30.03,4.5,5.7,7.8,63,1.72,6.5,11.85998,6.344679,21.8,4,22,6
68.8,50.2,30.1,4.6,5.7,8.9,59,1.73,6.8,11.193538,7.3585935,22.5,4,22,6
64.0,50.5,30.0,4.6,5.1,8.1,58,1.72,6.8,10.086148,6.0118353,21.7,4,22,6
68.2,54.4,30.01,4.9,6.4,9.2,54,0.04,1.6,13.600614,8.2412114,27.6,5,15,6
77.8,63.6,30.0,4.5,5.1,6.4,55,0.52,3.5,11.496388,11.6163155,27.8,5,17,6
64.0,51.2,30.05,5.3,6.0,9.3,56,0.04,4.1,10.219069,6.0066667,23.9,4,22,6
65.4,59.3,30.05,4.9,5.4,8.8,50,0.23,5.0,10.429161,6.3268936,24.3,4,21,6
73.5,62.7,30.09,5.1,6.3,6.8,60,1.01,2.6,11.354122,11.9924869,28.1,5,11,6
68.6,63.2,29.89,4.5,5.0,6.5,63,0.04,2.6,12.650356,8.2388067,26.1,6,20,6
68.7,50.6,29.96,4.5,5.0,7.4,55,1.73,4.6,10.361217,6.2642771,25.1,5,12,6
82.5,64.9,29.9,5.2,5.8,6.4,61,0.04,1.6,13.868444,11.9996193,28.1,6,7,6
74.2,50.6,29.96,4.7,5.7,8.2,52,1.68,5.5,11.586899,6.1450004,22.9,4,16,6
65.2,63.1,30.09,4.9,5.7,6.4,59,1.01,3.5,10.390504,11.9888565,28.0,5,21,6
64.4,58.7,30.0,5.3,5.5,9.0,58,0.54,4.6,10.220735,6.2799955,25.1,5,20,6
66.2,56.9,29.96,5.2,6.0,7.4,51,0.99,2.8,10.216224,6.777037,27.4,5,13,6
76.9,59.7,29.91,4.8,5.9,8.4,54,0.04,3.6,13.458058,7.2755946,24.0,5,15,6
65.7,52.8,29.91,5.2,6.6,9.2,58,0.05,5.9,11.985367,6.0066667,21.7,4,22,6
64.0,54.8,30.07,5.1,6.3,9.3,58,0.05,5.5,10.637237,6.0069648,22.0,4,22,6
83.0,64.9,29.89,4.7,5.5,6.2,58,0.04,1.5,13.95384,11.9999761,28.1,6,7,6
66.7,63.5,29.91,5.2,5.9,8.4,64,0.04,1.8,12.34018,8.2160767,27.8,6,18,6
66.3,49.8,30.06,5.3,6.4,8.6,51,1.71,5.8,11.277304,6.1419556,22.3,4,21,6
80.1,64.3,29.93,4.6,5.5,7.6,55,0.04,1.9,12.560754,10.8261341,27.9,6,8,6
64.6,50.8,30.02,5.9,6.6,9.2,62,0.15,5.6,12.375583,6.1237843,21.8,4,22,6
83.0,61.4,29.89,5.2,5.6,6.8,60,0.04,1.6,13.894953,11.8205956,27.8,6,7,6
82.0,62.2,29.89,4.6,5.3,6.2,65,0.04,1.5,14.020685,11.9853513,28.0,6,7,6
81.6,52.7,30.04,4.6,6.2,7.8,58,1.56,3.4,13.039541,11.3316498,27.2,5,8,6
65.8,58.3,29.94,5.6,6.1,8.2,57,0.22,4.2,11.246814,6.995293,24.2,5,16,6
65.2,50.5,30.07,5.3,6.6,9.1,53,1.13,6.0,11.476408,6.1318038,21.7,4,21,6
81.0,63.5,29.98,4.8,6.4,7.7,50,0.04,2.9,12.974285,10.6692105,26.4,5,8,6
78.6,54.1,30.01,5.3,6.3,7.7,56,0.44,1.8,13.044512,11.9058181,27.8,6,7,6
83.0,64.0,29.91,4.6,5.4,7.7,51,0.2,2.0,12.166755,10.3082846,27.9,6,7,6
64.9,52.7,30.02,4.5,5.3,8.0,52,1.61,4.5,10.092346,6.1374384,25.6,4,17,6
73.0,55.2,30.05,4.7,6.4,7.8,51,1.58,4.0,10.963861,8.9377988,26.6,4,9,6
83.3,61.1,29.9,4.5,5.6,6.5,58,1.52,2.2,13.019782,11.2198808,28.0,6,7,6
70.9,53.4,29.97,6.1,6.8,8.3,58,0.47,4.3,13.016667,11.0,25.6,5,19,6
64.6,49.8,30.09,5.5,6.7,8.3,60,1.73,5.4,11.552346,8.9435368,23.4,4,19,6
80.4,61.8,29.91,4.6,5.3,7.7,57,0.05,1.8,12.98141,11.1736407,27.7,6,7,6
67.5,53.4,30.09,5.1,6.6,8.5,56,1.68,6.8,11.44118,8.3766655,22.0,4,21,6
81.5,64.9,29.89,4.9,6.1,6.7,65,0.04,1.7,14.004159,11.9913004,27.7,6,10,6
66.2,57.3,30.03,5.4,5.2,6.7,55,1.66,5.3,10.523443,11.2947466,25.3,6,20,6
71.5,56.2,30.02,4.6,5.5,9.0,52,1.27,5.3,10.602236,6.115643,25.1,4,20,6
69.0,62.2,29.94,5.0,5.9,7.7,52,0.07,5.9,11.936409,6.9858714,22.3,5,22,6
82.6,55.3,29.89,4.9,6.1,6.3,64,0.46,2.0,13.911484,11.9573944,27.1,6,7,6
67.1,58.9,29.94,4.8,5.8,7.7,56,0.04,4.0,12.5445,7.3665154,24.8,5,22,6
78.7,61.5,29.96,4.7,6.5,7.5,64,0.04,3.9,13.913689,11.7331361,25.6,6,19,6
64.2,50.4,30.06,5.0,6.7,9.2,53,0.75,4.6,10.329356,6.0095156,25.2,4,22,6
66.7,50.3,30.1,5.3,6.4,9.1,52,1.73,6.9,10.984335,8.2872784,22.1,4,22,6
64.2,53.9,30.07,4.7,5.5,7.8,51,1.15,4.6,10.119372,6.5537888,25.5,4,21,6
79.8,58.3,30.0,5.0,6.7,8.1,54,0.06,4.1,13.658195,11.0278638,25.6,5,18,6
80.9,64.4,30.04,4.7,6.3,8.6,52,0.04,4.4,13.027446,9.957189,26.5,4,16,6
78.5,64.9,29.89,6.1,6.1,6.2,64,0.04,1.5,13.942824,11.9978378,28.1,6,12,6
69.7,53.7,30.09,5.5,6.0,8.8,52,1.72,6.8,10.872571,7.6019448,21.7,4,22,6
64.8,57.8,30.09,4.9,6.5,9.2,60,1.46,6.9,10.394633,6.1747687,22.1,4,22,6
66.4,59.9,30.1,4.7,6.2,9.1,50,1.58,6.1,10.003371,6.6648241,25.7,4,20,6
70.0,51.1,30.08,5.2,6.2,8.8,56,1.39,4.3,12.07741,10.1462581,25.5,5,17,6
75.5,55.1,30.02,4.8,6.7,8.1,59,0.13,4.7,13.513403,10.2084829,24.9,5,20,6
82.6,50.2,29.9,5.4,6.7,6.5,63,0.69,1.7,13.994503,11.9144336,27.5,6,7,6
83.2,63.4,29.98,4.6,5.8,7.0,56,0.85,3.6,13.384206,11.9525349,27.2,6,7,6
80.6,64.7,30.06,5.4,6.3,9.0,51,0.05,4.0,12.242735,10.2022061,27.0,4,13,6
65.6,53.4,29.94,4.9,6.1,8.3,56,0.05,3.0,12.322925,6.7172929,25.0,5,19,6
66.2,52.2,29.91,4.8,5.1,7.8,59,0.48,3.7,11.251457,6.2610274,25.4,5,21,6
69.7,51.3,29.91,4.7,5.4,7.7,65,0.12,2.3,13.221478,8.7573547,26.8,6,17,6
64.4,52.9,29.91,4.6,5.2,8.8,54,0.2,5.9,10.558195,6.0066667,21.7,4,22,6
83.2,61.0,29.9,4.6,5.2,6.3,62,0.25,1.7,13.786594,11.9903098,28.0,6,7,6
80.1,50.5,29.9,5.0,6.3,7.2,64,0.04,1.8,14.030079,11.6294684,25.5,6,10,6
66.7,49.8,30.1,5.6,6.6,9.3,53,1.73,6.2,12.271008,6.2132361,21.7,4,21,6
80.8,62.9,29.89,4.6,5.3,6.3,56,0.04,2.6,13.7606,9.8394436,25.7,6,13,6
69.0,59.6,30.07,4.8,6.0,8.7,55,0.12,2.6,10.90857,8.2135594,27.9,4,18,6
66.9,55.6,30.02,4.6,6.8,8.7,59,0.06,5.2,12.949587,6.6587533,22.8,4,19,6
67.3,53.2,30.0,4.6,5.9,9.0,52,0.59,5.2,11.109594,6.0448749,23.1,4,20,6
76.5,58.8,29.9,4.7,6.0,6.8,62,0.04,2.0,13.603069,11.242287,27.4,6,10,6
68.0,53.4,30.1,5.9,6.8,8.3,61,1.73,6.2,11.30486,11.9520425,26.1,4,20,6
74.3,61.0,29.9,5.3,5.8,8.4,56,0.04,2.4,13.491987,8.6596463,25.4,6,14,6
78.0,64.9,30.05,4.6,5.8,6.8,58,0.06,3.3,12.185382,11.9972067,27.7,6,9,6
64.0,49.8,30.1,6.0,6.8,9.3,52,1.73,6.6,10.055353,6.0412063,22.2,4,22,6
72.2,52.6,29.9,5.0,5.2,6.8,52,0.69,3.9,11.914905,7.0311719,25.0,5,20,6
66.6,50.0,30.06,5.1,6.8,9.2,59,0.18,3.6,13.330214,7.4047137,23.4,4,16,6
81.1,63.8,29.96,4.7,5.8,7.4,60,0.05,3.2,13.525517,11.7721797,27.1,6,13,6
75.9,51.0,30.03,5.7,6.0,7.0,55,1.72,5.1,12.26645,11.6788388,24.9,5,15,6
80.2,60.9,29.9,4.5,5.5,6.7,61,0.04,2.0,13.724091,11.6419543,27.5,6,11,6
78.7,59.5,29.9,4.8,5.8,6.5,65,0.04,1.8,13.847779,11.9444489,28.0,6,16,6
64.9,50.1,30.01,5.6,6.5,9.2,60,0.17,5.1,12.574603,6.0862512,22.4,4,22,6
71.2,55.6,30.03,5.0,5.6,8.1,50,0.63,3.6,10.033,7.0167,25.3,4,15,6
67.2,64.8,29.93,5.0,5.1,6.3,51,0.42,4.1,10.191905,11.0792203,27.0,6,18,6
67.4,51.4,29.94,4.7,6.2,6.5,57,1.1,4.0,12.392158,9.4844075,24.4,5,15,6
79.2,62.6,30.07,4.6,5.8,8.3,52,0.04,1.9,12.851163,11.8184193,28.0,5,9,6
71.7,59.6,30.01,5.0,6.7,8.8,51,0.12,6.0,12.619573,7.2099357,21.7,4,17,6
79.7,64.3,29.9,5.3,6.6,8.8,54,0.04,1.8,13.803472,8.8276352,27.0,5,9,6
68.7,60.0,30.08,5.7,6.7,8.5,59,0.68,4.9,11.979824,11.7083942,25.0,5,14,6
72.0,63.6,29.89,4.8,5.1,6.5,64,0.04,1.5,13.629478,11.1913628,28.0,6,10,6
81.8,53.4,29.99,5.0,6.6,8.4,57,0.24,2.1,13.604495,11.0580572,27.5,5,7,6
81.0,64.7,29.96,4.7,6.0,6.5,57,0.28,3.7,12.68616,11.9897692,27.4,6,10,6
77.6,55.0,29.9,5.4,6.4,6.4,59,0.11,3.4,13.819682,11.7642426,25.0,6,14,6
69.2,62.3,29.9,5.4,5.5,8.4,53,0.04,2.6,13.262179,7.733283,24.7,6,20,6
64.2,51.3,30.1,4.7,6.1,9.3,51,1.65,6.5,10.093009,6.0233788,21.7,4,20,6
76.6,58.6,29.89,5.2,5.9,6.4,65,0.04,1.0,14.03333,11.083333,27.8,6,12,6
80.8,63.7,29.89,5.9,6.4,6.2,64,0.04,1.5,14.029531,11.9999901,28.1,6,7,6
72.2,61.0,29.97,4.6,5.7,6.4,62,0.8,4.5,12.268613,11.7375542,26.1,6,16,6
69.8,52.0,29.98,5.2,6.6,7.7,53,0.49,3.7,12.69876,9.0933176,24.2,5,12,6
64.4,49.9,29.9,5.5,5.3,6.9,54,0.91,5.6,11.907188,6.0636517,21.7,5,22,6
72.8,58.8,30.02,5.3,6.7,7.6,54,0.15,2.5,12.113693,11.1430471,27.7,5,11,6
79.8,62.9,29.96,4.7,5.0,6.7,59,0.21,2.1,12.581947,11.9658485,27.8,6,8,6
78.2,52.2,30.0,4.5,5.1,6.3,57,1.72,4.1,12.114046,11.8722088,26.6,6,11,6
69.1,64.4,29.95,5.2,5.6,8.1,50,0.04,1.5,10.518212,7.9413704,28.1,5,8,6
74.7,64.5,29.9,5.6,5.3,8.0,57,0.04,2.6,12.438972,8.9317732,26.6,6,14,6
64.1,50.0,29.97,5.6,6.4,8.8,63,0.81,5.9,11.745918,6.0828104,21.7,5,22,6
74.3,52.4,30.05,5.0,5.3,7.0,57,1.23,3.5,12.795334,11.8679203,26.5,5,15,6
81.5,51.2,29.9,4.9,6.6,6.4,61,0.17,2.0,13.99376,11.9552311,26.5,6,7,6
81.7,60.7,29.96,4.8,6.2,8.4,50,0.58,2.4,11.241279,6.9543338,27.8,4,7,6
64.2,49.8,30.1,5.8,6.7,9.1,57,1.37,5.5,11.906757,6.8957615,22.8,4,22,6
82.9,57.6,29.9,5.2,5.9,6.7,61,0.04,1.5,13.980033,11.9979525,28.1,6,7,6
64.1,50.3,30.1,5.9,6.8,9.3,52,1.71,6.9,10.186571,6.0554574,22.3,4,22,6
64.5,50.6,30.04,4.8,5.8,9.2,51,1.41,5.5,10.176103,6.0073164,23.0,4,21,6
79.3,63.7,29.99,4.8,6.8,7.2,52,0.05,2.1,12.901513,11.8574126,27.9,5,7,6
69.7,52.7,30.02,5.0,5.6,7.9,62,1.56,6.1,12.000739,8.8029204,23.3,5,22,6
66.0,50.9,30.1,5.3,5.8,9.3,53,1.59,5.2,10.016667,6.083333,24.4,4,21,6
71.0,54.4,29.94,5.5,6.0,7.6,52,0.05,1.6,12.348545,10.6997129,27.8,5,7,6
74.6,55.2,30.01,4.9,5.6,7.7,54,1.38,5.6,12.164509,9.0325614,23.5,5,18,6
77.1,59.2,30.04,4.7,5.9,8.3,54,1.3,4.3,11.438036,9.1354117,26.4,4,10,6
82.6,64.8,29.89,5.3,6.2,6.2,59,0.04,1.6,14.02455,11.9999874,27.9,6,7,6
77.9,59.3,29.89,4.7,5.0,6.2,62,0.07,3.3,13.68587,10.3221606,23.0,6,11,6
82.5,64.3,29.89,4.6,5.4,6.3,51,0.04,1.6,13.741934,11.9449227,27.7,6,7,6
64.7,52.0,29.99,4.9,5.7,9.2,56,0.37,5.7,10.84027,6.008019,22.1,4,22,6
64.5,51.8,29.98,5.8,6.7,9.3,55,0.04,3.8,13.360704,6.0494999,21.9,4,22,6
67.2,53.9,30.05,4.7,6.2,8.5,53,0.13,4.5,12.417187,8.8170949,23.8,5,20,6
83.2,62.7,29.89,4.8,5.2,6.3,61,0.05,1.7,13.988621,11.9951555,27.8,6,7,6
68.1,63.0,29.97,5.5,6.5,9.2,51,0.04,4.0,11.983005,6.1976003,24.1,4,20,6
66.2,63.9,30.02,5.1,5.2,8.1,62,0.06,4.8,11.211437,9.4491138,26.2,5,22,6
65.0,56.9,29.96,5.0,6.8,8.4,53,0.19,4.6,10.660116,6.0597529,25.3,4,21,6
74.9,60.0,29.89,4.5,5.0,6.2,58,0.05,1.8,12.89296,11.306987,27.7,6,11,6
79.4,63.5,29.94,5.1,6.2,7.7,55,0.04,3.4,13.580533,10.9093303,26.2,5,17,6
76.4,53.7,29.93,4.8,6.3,8.0,64,0.04,1.7,13.757459,11.0676197,27.6,6,8,6
81.9,54.9,29.91,4.9,6.0,7.8,51,1.41,3.2,12.08554,7.2977779,26.5,5,7,6
65.5,51.1,30.1,4.5,5.8,9.1,52,1.66,6.9,10.718662,6.103652,21.7,4,22,6
66.6,50.2,29.95,5.0,5.3,9.3,56,0.04,3.4,12.885531,6.0082143,22.8,4,22,6
80.5,50.4,29.99,5.0,6.7,8.4,63,1.52,4.0,13.631896,10.1752519,25.3,5,10,6
82.5,52.9,29.91,4.9,5.4,6.3,57,0.06,1.6,13.985262,11.9989404,27.9,6,7,6
64.5,50.0,29.99,4.7,5.2,9.1,50,1.26,5.5,10.242934,6.0066667,22.2,4,22,6
82.1,63.0,29.94,4.9,6.4,6.7,56,1.05,5.7,12.90674,11.1955599,25.1,5,14,6
82.9,61.0,29.89,5.1,5.5,6.7,63,0.04,1.5,14.011388,11.2469434,28.0,6,7,6
65.7,49.8,29.97,5.4,5.3,8.7,56,1.71,5.0,11.277752,6.096851,22.3,4,21,6
78.7,55.5,29.91,4.7,6.2,6.7,60,0.16,3.0,13.475481,10.420078,26.6,6,13,6
67.9,56.9,30.07,4.7,5.0,7.7,51,1.6,5.0,10.272262,8.9180569,26.3,5,20,6
66.3,60.8,29.89,4.8,5.4,8.6,56,0.04,3.0,13.048073,6.0751202,23.3,5,21,6
79.3,62.9,30.03,5.8,6.7,8.3,52,0.05,1.6,12.554898,11.8548928,28.0,5,7,6
73.9,57.2,29.95,4.6,5.9,7.0,56,0.06,3.0,13.303627,10.9209737,25.9,5,14,6
65.3,50.2,30.1,4.9,6.7,8.9,52,1.73,5.5,10.137071,8.874382,25.7,4,11,6
82.6,52.4,30.05,4.6,5.4,6.9,62,1.73,2.5,12.80176,11.9918172,27.8,6,7,6
81.0,61.9,29.89,4.5,5.0,6.2,63,0.06,2.0,13.837385,11.9984611,27.3,6,9,6
79.1,58.2,29.89,4.7,5.5,7.5,63,0.04,1.7,13.723054,10.0281137,27.7,6,10,6
82.8,50.4,29.94,5.3,6.7,8.9,58,1.09,3.0,13.788669,8.0110272,25.9,5,7,6
65.2,50.4,29.93,4.8,5.9,8.8,63,0.11,4.2,12.67184,6.0962095,22.9,5,22,6
74.6,50.8,29.9,5.1,6.0,9.0,60,0.05,2.4,13.579579,6.2194034,24.4,5,13,6
69.0,50.4,30.08,5.0,6.5,9.3,57,1.26,4.5,11.417481,6.1111782,25.6,4,20,6
64.0,50.0,30.1,4.7,6.6,9.3,50,1.71,6.1,9.998438,6.3172082,23.4,4,21,6
73.7,61.5,29.91,5.4,6.3,7.5,63,0.04,3.6,13.92161,10.984667,24.5,6,22,6
72.3,50.3,30.02,5.1,5.6,9.1,59,1.29,2.4,11.853567,7.3007068,27.1,5,10,6
67.4,49.8,30.05,4.8,5.8,8.5,56,1.73,5.9,10.734637,6.1229106,22.8,4,16,6
82.2,60.5,29.9,4.5,5.1,6.6,56,0.04,1.8,13.54275,10.24056,27.9,6,10,6
80.2,59.6,29.99,5.3,6.8,7.5,62,0.04,1.7,13.907318,11.9922383,28.0,6,8,6
73.7,56.6,29.99,5.8,6.6,6.8,63,1.47,4.5,12.685478,11.9269818,25.8,6,13,6
67.0,62.0,29.96,4.7,6.0,7.2,61,0.04,4.0,12.643695,9.5443182,26.2,5,22,6
72.1,49.8,30.05,5.4,6.6,9.2,62,1.72,5.0,13.094503,6.6475148,22.3,4,15,6
66.3,50.8,30.08,4.7,6.3,9.2,54,1.38,6.2,11.038495,6.0311019,22.8,4,22,6
78.3,52.9,29.96,4.7,5.3,7.8,52,1.16,3.5,12.422231,9.4102697,25.3,5,10,6
69.5,59.5,30.06,5.9,6.5,7.1,65,1.6,5.2,11.541002,11.9480516,26.8,6,20,6
68.1,63.0,30.1,4.9,5.6,7.4,51,1.67,5.6,10.225827,11.7973336,26.5,4,14,6
80.2,50.0,29.89,5.6,5.6,7.1,56,0.25,1.6,13.544683,9.3980839,27.8,6,8,6
80.6,58.5,29.89,5.7,6.1,8.1,51,0.27,5.9,13.012377,6.1736427,21.7,5,14,6
72.2,57.8,30.05,4.7,6.0,8.2,62,0.33,4.4,12.786494,11.0365827,25.6,5,17,6
83.2,64.8,29.89,4.7,5.4,6.5,56,0.04,2.3,13.931541,11.6983657,27.0,6,7,6
67.3,49.9,30.02,5.2,6.0,9.0,51,0.65,4.1,12.091295,6.1228171,23.9,4,21,6
77.8,64.7,29.91,4.8,5.3,7.7,62,0.04,2.5,13.437557,11.3428051,27.2,6,17,6
78.7,64.8,29.92,4.9,6.7,6.9,56,0.04,2.2,13.14498,11.7303244,27.8,6,12,6
68.3,51.3,29.93,4.5,5.0,7.8,64,0.67,4.9,12.490936,6.7200403,23.5,5,22,6
67.5,64.5,30.02,4.7,5.3,7.9,53,0.04,2.7,11.103393,10.5698761,27.7,6,21,6
66.5,58.5,30.03,5.3,6.6,9.1,53,0.04,2.3,13.196323,9.9048195,26.3,5,19,6
65.4,55.7,29.94,5.9,6.5,7.1,51,1.62,6.3,10.329816,6.4710537,22.1,5,21,6
71.5,50.7,30.02,5.1,5.6,8.6,52,1.71,6.4,11.46748,6.9707332,21.7,5,20,6
65.7,52.5,30.05,5.0,5.5,7.2,60,0.2,1.6,11.844378,11.8699924,28.0,5,9,6
64.6,49.8,30.1,4.9,6.7,9.3,50,1.72,6.9,10.299364,6.0066872,21.7,4,22,6
81.4,57.4,30.04,4.5,5.3,7.3,57,1.73,4.5,11.245583,10.6491493,27.3,5,8,6
72.9,52.2,29.93,5.6,6.7,7.7,55,1.7,5.7,11.542951,6.7435831,23.0,5,14,6
65.7,50.5,30.08,5.4,6.3,8.8,56,1.65,5.7,11.070355,7.4386561,24.0,4,22,6
65.5,64.8,29.93,4.7,6.7,7.1,64,0.04,2.9,13.12343,10.7985059,26.8,6,22,6
64.2,60.3,29.9,4.6,5.3,8.5,63,0.04,4.6,11.04231,6.0121037,24.0,5,22,6
79.0,63.6,29.91,5.6,5.9,7.6,51,0.04,3.2,13.279381,10.0047408,24.7,5,10,6
79.1,54.6,29.91,5.6,6.3,6.7,61,0.4,1.9,13.225541,11.7759329,27.7,6,8,6
76.0,61.4,30.08,5.0,6.7,8.5,58,0.73,5.5,12.184002,10.6737234,26.0,4,18,6
68.5,64.6,30.05,5.0,6.1,9.3,50,0.04,3.0,10.994056,6.0995921,26.5,4,15,6
75.5,63.9,30.09,4.7,6.3,8.7,50,1.0,6.7,10.97588,8.6953933,22.8,4,19,6
75.1,50.5,30.09,4.8,6.6,9.3,51,1.7,5.4,11.516288,6.2744387,23.4,4,8,6
80.6,64.8,29.91,4.5,5.9,6.4,56,0.5,3.1,11.58665,11.3625805,27.6,6,7,6
77.9,64.9,29.89,5.3,6.4,6.3,63,0.04,3.5,13.96724,11.943953,24.3,6,17,6
80.5,53.4,30.02,4.7,6.6,6.6,60,1.63,4.5,13.176811,11.7632877,26.8,5,13,6
83.2,62.5,29.89,5.6,6.7,8.0,55,0.04,1.6,14.0217,11.662162,27.8,6,7,6
71.6,50.0,30.08,4.7,5.9,9.2,55,1.72,5.4,11.585164,6.330357,22.7,4,11,6
79.7,50.6,29.94,4.9,5.9,6.6,63,1.01,2.6,13.785574,11.8670191,26.9,6,12,6
65.6,56.3,29.89,4.5,5.1,6.6,57,0.04,2.7,11.958643,6.0672511,25.0,6,21,6
74.1,59.7,29.97,4.6,5.4,8.3,52,0.19,3.0,11.41779,7.5223543,26.9,5,11,6
77.2,50.4,29.95,5.2,6.5,6.9,60,1.41,5.1,13.764091,10.8636247,22.3,5,15,6
66.4,64.9,30.03,5.7,6.8,7.2,63,0.04,3.6,12.14475,11.7056323,27.6,5,21,6
69.5,50.4,30.05,4.6,6.0,9.2,50,1.64,6.2,10.626051,6.0077625,22.7,4,22,6
70.8,55.4,29.99,4.6,6.5,8.8,65,0.04,2.4,13.653486,8.9550121,27.0,5,17,6
82.7,64.9,30.05,5.0,6.4,7.9,60,0.04,1.8,13.409619,11.9988855,28.1,6,8,6
83.2,64.1,30.01,4.5,6.3,6.3,54,0.05,1.7,13.894596,11.9998311,28.1,6,7,6
73.7,50.1,29.95,4.6,6.3,8.8,55,0.1,3.1,13.459709,6.2139488,24.8,4,18,6
64.9,51.2,29.96,5.4,6.4,9.3,57,0.04,3.2,11.896981,6.0120775,24.1,4,21,6
64.6,49.8,30.03,5.1,6.5,9.0,64,0.77,4.7,13.215776,6.3570868,22.5,4,22,6
77.8,61.9,29.96,5.6,6.8,6.6,59,0.24,3.2,12.829344,11.67523,27.6,5,11,6
80.8,58.7,29.96,4.7,5.9,7.2,50,0.18,2.5,12.370153,10.1201838,27.4,5,10,6
64.8,60.3,29.91,4.6,5.3,8.2,55,0.04,4.1,11.389707,6.0381107,24.8,5,22,6
83.0,62.8,29.9,5.8,6.5,6.3,61,0.04,1.5,14.006566,11.9999996,28.1,6,7,6
71.6,53.9,29.96,5.3,6.1,7.0,60,1.24,3.4,12.026449,10.4708712,26.6,5,12,6
67.5,52.5,29.9,4.6,5.1,7.5,56,0.69,2.4,10.772029,6.1715312,26.9,5,13,6
73.5,63.0,30.08,4.5,5.4,9.3,58,0.04,2.7,11.739179,7.2938128,27.7,4,18,6
82.8,62.2,29.91,4.5,5.0,6.3,52,0.06,2.2,13.705614,11.9659947,27.2,6,7,6
65.9,59.1,30.09,4.6,6.5,9.0,50,1.21,6.5,10.310705,6.3422482,22.4,4,20,6
66.6,50.0,30.1,6.0,6.8,9.2,57,1.71,6.4,12.368343,10.7834271,23.3,4,21,6
81.6,60.6,30.01,4.8,6.1,7.3,52,1.26,4.7,12.443441,11.3442851,26.1,5,10,6
76.1,60.2,30.08,5.0,5.2,7.6,54,1.12,3.7,11.541311,11.9028051,27.6,5,17,6
81.3,64.7,29.92,4.7,5.1,6.3,53,0.05,1.8,12.992424,11.99858,27.9,6,7,6
71.4,50.9,29.96,5.0,6.1,9.2,55,0.06,1.9,12.748516,6.307235,26.7,4,8,6
66.4,49.8,30.09,4.5,6.3,9.2,56,1.73,3.9,10.583244,6.0737954,26.3,4,14,6
69.2,51.3,29.91,4.8,5.9,9.1,55,0.07,2.3,11.817637,6.0138226,26.3,4,15,6
64.6,52.2,30.08,4.9,6.8,8.9,55,0.32,5.4,11.603713,6.8325312,23.6,4,22,6
83.2,64.9,29.89,4.9,5.3,6.4,53,0.04,1.5,14.007136,11.9807789,28.1,6,7,6
80.5,59.4,29.9,4.6,5.5,6.5,56,0.11,3.0,13.476857,11.3217815,26.4,6,10,6
75.5,53.2,29.94,4.9,5.3,6.6,62,1.53,3.7,12.485318,11.3209925,26.2,6,14,6
65.8,59.8,30.07,4.9,6.5,9.2,55,0.07,5.9,11.562828,6.4054272,22.7,4,22,6
76.0,64.9,29.93,4.5,5.2,7.0,55,0.04,1.6,13.078772,11.9540028,28.0,6,8,6
64.6,54.5,30.06,4.6,5.1,9.2,50,0.19,5.2,10.331982,6.0091461,22.7,4,21,6
81.5,52.0,30.0,4.8,5.8,8.9,51,0.43,2.1,13.196097,10.1894556,27.0,5,7,6
65.9,51.8,29.91,5.2,5.4,7.5,57,0.09,3.3,12.500787,7.8599378,24.2,6,21,6
83.2,64.9,30.07,4.5,6.0,6.3,50,1.52,2.6,11.675722,11.9995376,28.1,5,7,6
72.4,64.1,29.94,4.5,5.4,6.6,50,0.09,1.9,10.326977,8.6519697,28.1,5,8,6
64.6,49.9,29.93,5.6,5.5,8.8,61,0.13,3.9,12.972797,6.2067303,21.7,5,21,6
69.7,49.8,30.01,5.3,6.6,8.9,64,0.44,2.3,13.844203,8.6296128,25.5,4,15,6
81.1,54.4,29.92,5.2,6.4,6.8,60,0.28,2.8,13.82681,11.8476291,26.3,6,9,6
73.5,49.8,30.1,5.6,6.6,8.9,59,1.73,4.5,12.990558,11.3768853,26.4,4,20,6
68.2,59.5,30.03,5.0,5.7,7.8,58,1.62,6.1,10.555361,8.0855437,24.5,5,20,6
78.6,49.9,30.0,5.7,6.4,8.7,52,0.35,2.1,13.91215,11.1943778,24.9,5,7,6
64.0,54.5,30.04,5.4,6.3,8.5,59,0.04,4.8,11.462627,7.4071439,23.1,5,22,6
65.0,55.5,30.08,5.2,5.9,8.6,51,1.62,6.7,10.270229,6.8050192,22.0,4,22,6
78.4,64.5,30.06,5.2,6.7,8.4,52,0.09,5.1,12.389971,10.694614,25.7,4,13,6
68.4,57.0,30.09,4.6,5.5,8.8,57,1.02,3.6,10.755417,9.1274765,27.5,4,16,6
70.2,54.6,29.95,4.6,5.0,7.0,51,1.57,4.4,10.536924,6.6969763,25.3,5,15,6
74.5,50.4,30.02,5.0,6.1,8.5,62,1.55,5.7,13.343724,9.1652027,22.0,5,18,6
69.5,58.1,30.09,5.4,6.4,9.2,63,0.06,4.1,12.700026,10.1780861,26.6,4,21,6
71.0,53.1,29.89,5.8,5.5,6.3,65,0.04,1.6,13.863669,11.6220772,27.5,6,19,6
81.0,63.3,29.9,4.8,5.8,6.8,63,0.04,3.2,13.725935,11.6259529,26.5,6,16,6
69.8,54.6,30.06,4.5,5.2,7.1,59,1.31,4.1,11.735549,11.0240334,26.4,5,16,6
82.8,56.5,29.89,4.6,5.5,6.2,53,0.97,1.8,13.174301,11.8162922,27.9,6,7,6
82.4,60.7,29.92,5.2,5.7,7.4,56,0.08,2.1,13.663824,11.7882987,27.2,6,7,6
66.8,49.8,30.09,4.7,5.9,8.5,62,1.73,5.3,11.879692,10.0475659,24.0,4,18,6
64.0,50.0,30.07,5.2,5.8,8.8,54,1.54,5.8,9.08333,6.0066667,23.8,4,22,6
64.2,49.8,30.09,6.1,6.8,9.2,53,1.73,5.9,10.420112,6.0698054,22.6,4,21,6
80.9,59.8,29.9,4.8,5.3,6.3,61,0.04,2.5,13.959169,11.9812697,26.2,6,12,6
73.4,58.5,29.91,4.6,5.4,8.8,64,0.04,1.7,13.290671,7.1932833,27.8,5,13,6
65.0,53.6,29.9,4.5,5.2,6.5,52,0.92,4.8,10.406256,6.035793,24.6,4,22,6
67.0,50.0,29.97,5.7,6.5,8.8,59,0.94,3.9,12.681369,6.4067447,23.0,4,16,6
72.3,50.2,30.09,5.3,6.4,8.3,62,1.69,3.3,12.265372,11.7358232,27.5,5,15,6
83.1,64.9,29.94,4.5,5.1,6.6,51,0.05,1.8,12.021312,11.960864,28.1,6,7,6
78.7,50.6,29.9,5.4,6.7,9.0,61,0.04,1.6,13.908196,8.603448,27.4,6,7,6
81.8,61.3,29.89,4.9,6.8,6.8,64,0.04,2.0,14.030005,11.8858781,26.0,6,7,6
74.4,63.8,29.92,4.9,5.8,7.6,56,0.04,3.6,12.343418,8.2213954,26.4,5,18,6
78.7,56.5,29.89,4.6,6.2,6.7,57,0.06,2.2,13.493226,7.9172271,25.8,5,7,6
82.7,59.9,29.89,4.7,5.3,6.2,60,0.15,1.8,13.835633,11.9893517,27.7,6,7,6
64.0,49.8,30.02,5.9,6.5,9.0,51,1.14,6.7,10.433666,6.0067374,21.7,4,22,6
70.4,51.2,30.01,5.0,6.4,8.9,51,1.27,3.8,10.925337,6.1315968,25.9,4,15,6
65.5,54.5,29.9,5.1,5.2,7.2,54,0.07,2.8,11.393663,6.4993133,25.4,5,19,6
64.9,49.9,30.02,5.4,6.1,9.1,59,0.94,4.4,11.644834,6.1034763,23.9,4,22,6
67.9,53.3,30.1,5.4,6.8,9.3,62,0.42,5.3,12.234636,7.660794,25.2,4,21,6
71.2,57.6,29.97,5.3,6.8,8.8,53,0.04,3.9,13.658785,8.4294279,23.3,5,18,6
72.7,52.3,30.05,4.7,5.1,7.0,56,1.69,2.5,10.919451,11.1353378,27.8,5,8,6
76.7,61.6,29.97,5.1,6.5,9.2,55,0.05,4.6,12.8979,6.8482804,24.3,5,17,6
65.6,64.9,30.09,5.4,6.4,9.1,51,0.04,3.5,10.60823,10.3518126,26.8,5,15,6
83.1,60.2,29.89,4.9,6.7,6.3,60,0.06,2.4,13.990018,11.9592568,26.8,6,7,6
66.6,56.4,29.94,5.0,5.6,6.4,53,1.67,5.5,10.407378,8.0865687,24.7,5,19,6
67.6,58.0,29.93,5.4,6.1,7.0,55,0.36,5.2,12.061932,8.4892625,22.6,5,18,6
83.3,64.9,29.94,4.7,6.0,6.7,50,0.04,1.8,13.912967,11.9986776,27.9,6,7,6
72.8,50.9,30.1,4.5,6.1,8.5,54,1.73,6.9,10.381781,6.6500347,24.2,4,21,6
69.2,60.8,30.09,5.2,6.2,9.3,54,0.05,6.2,12.650224,8.0100994,22.1,4,22,6
69.6,59.7,30.07,4.8,6.6,7.8,65,0.47,3.0,12.8668,11.9866558,27.6,6,11,6
69.8,51.6,30.02,5.6,5.7,7.1,54,1.72,4.7,11.034577,10.4017964,25.5,5,16,6
81.5,62.7,29.89,4.8,5.0,6.2,57,0.04,3.4,13.751181,10.6720198,24.7,6,19,6
72.0,52.9,30.09,5.1,6.6,8.0,53,1.73,6.2,11.088054,11.3744955,24.0,5,14,6
64.8,52.2,30.01,4.7,6.5,8.7,57,1.0,6.8,11.267684,6.0203684,21.7,4,22,6
73.7,57.4,30.02,4.9,5.7,8.7,54,0.06,2.0,12.164083,10.0799524,27.7,5,12,6
81.2,58.5,29.96,5.6,6.7,7.0,65,0.6,4.5,13.807054,11.9114453,26.1,6,15,6
80.7,51.5,30.05,4.8,6.5,6.7,56,1.67,3.8,13.525989,11.9902787,25.9,5,7,6
73.1,64.7,29.9,5.5,5.6,6.5,60,0.04,1.7,13.835978,11.9912304,27.3,6,13,6
64.5,53.9,30.05,4.6,6.1,9.2,53,0.05,4.8,11.388486,6.0269341,23.2,4,22,6
66.9,50.2,30.0,5.1,5.6,9.1,62,0.39,3.8,12.603067,6.5532964,24.3,5,21,6
78.6,57.5,29.94,4.6,5.8,6.3,53,1.5,1.9,11.524137,11.8875414,28.0,6,7,6
64.1,49.8,30.1,4.7,5.4,9.3,52,1.73,6.9,9.902538,6.0270776,21.7,4,22,6
73.6,60.5,29.89,5.2,5.9,8.0,65,0.04,1.6,13.906605,11.3421437,27.5,6,14,6
80.3,63.8,29.99,4.5,5.3,7.5,51,0.64,4.1,11.269369,9.0363928,27.1,5,10,6
66.6,49.8,30.02,5.0,6.4,9.2,53,1.5,4.7,11.939227,6.0134628,22.6,4,21,6
79.9,56.6,29.97,4.5,5.0,6.4,56,1.5,2.1,12.2188,11.9628373,27.8,6,7,6
83.2,62.9,29.89,4.8,6.4,6.2,65,0.04,1.5,14.003711,11.9959459,28.1,6,7,6
74.9,49.8,29.96,6.1,6.7,8.0,52,1.69,5.8,13.443954,7.7606705,21.7,4,18,6
65.8,52.9,30.05,5.3,6.7,9.0,54,1.65,5.5,10.215387,6.0841119,25.4,4,20,6
80.6,63.3,29.9,4.7,6.0,6.3,62,0.04,3.6,13.914439,11.9024475,25.3,6,15,6
81.8,64.9,29.9,4.6,5.5,6.5,59,0.04,2.3,12.964372,11.8591108,27.9,6,10,6
69.3,54.2,29.91,4.9,5.9,6.8,62,0.06,2.4,13.111004,9.7222561,26.4,6,14,6
66.7,51.8,30.04,5.1,5.9,6.6,55,1.68,4.6,10.814452,10.049958,26.6,5,21,6
81.4,61.2,29.89,5.2,5.9,6.3,62,0.04,1.6,13.921494,11.9509858,27.8,6,7,6
64.9,50.1,30.0,4.8,5.8,8.6,54,0.21,2.0,11.471915,6.6487374,27.0,5,15,6
68.0,52.5,29.94,4.5,5.4,9.0,62,0.06,4.1,12.649631,6.0491871,23.5,5,20,6
81.7,64.7,29.89,4.9,5.3,6.7,62,0.04,1.6,13.942441,11.2832138,27.2,6,8,6
82.0,62.9,29.89,4.7,6.1,7.3,56,0.04,1.8,13.663603,10.5675984,27.5,6,7,6
79.0,60.8,29.98,4.7,6.0,6.9,62,0.09,1.6,12.882514,11.9593241,28.1,6,7,6
71.2,60.5,30.01,4.6,5.4,7.8,50,1.68,4.9,10.093973,7.477094,25.9,5,10,6
67.5,55.9,30.04,4.5,5.4,8.0,50,1.69,5.9,9.988611,6.0357923,23.8,4,16,6
67.1,58.9,30.09,5.2,6.3,8.7,63,0.1,4.1,12.368755,11.3477554,26.7,5,21,6
64.3,49.9,29.99,4.7,6.3,9.3,60,0.66,6.1,11.504517,6.0066667,21.7,4,22,6
82.8,59.1,30.08,4.5,5.5,7.2,50,1.72,4.4,11.326479,11.7324358,27.4,5,7,6
75.5,51.4,29.95,4.8,5.1,7.5,58,1.65,4.7,11.97456,8.880287,25.2,6,19,6
68.9,50.4,29.98,5.3,6.8,9.2,54,0.21,6.5,13.468924,6.029189,21.7,4,21,6
69.1,59.6,30.05,5.6,6.8,8.7,54,0.17,3.5,11.518698,8.5533621,26.8,4,12,6
82.2,64.4,29.89,4.7,5.0,6.2,57,0.12,2.1,12.033,10.066,26.8,6,9,6
76.3,59.0,29.91,5.4,6.0,6.8,63,0.06,3.6,13.757344,11.7700437,24.6,6,15,6
71.3,50.1,30.03,5.3,5.7,9.1,50,1.18,5.2,12.201304,6.1093421,21.7,4,17,6
66.8,63.6,29.89,4.7,5.6,6.6,61,0.04,1.5,12.357962,10.2492574,28.0,6,10,6
74.2,51.3,29.96,5.5,6.3,8.1,59,1.51,5.5,12.156617,6.3953263,24.5,4,21,6
71.1,51.3,29.97,5.3,6.0,9.0,55,0.06,2.8,12.782979,6.5268408,26.5,5,21,6
81.9,50.3,29.89,4.6,5.0,6.3,52,0.48,3.5,13.847703,7.2176143,21.7,6,14,6
81.9,53.8,29.89,5.1,6.6,7.7,56,0.04,2.7,14.01397,10.473358,23.4,6,8,6
69.1,49.8,30.04,4.5,5.0,9.0,51,1.72,3.9,10.727089,6.0269079,24.3,4,12,6
66.7,61.9,29.95,4.5,5.1,7.0,50,0.4,4.8,10.171208,6.3968177,25.2,5,21,6
71.6,51.9,29.94,5.4,6.2,9.1,55,0.84,6.1,12.046819,6.0109684,21.7,4,21,6
77.7,62.6,29.99,4.6,5.9,7.9,53,0.48,2.8,11.384526,9.0584351,27.3,5,7,6
64.0,49.9,30.08,5.4,6.3,9.3,60,0.89,5.3,10.580863,6.0113226,22.2,4,22,6
71.9,58.0,30.08,4.8,6.2,8.9,51,0.98,4.9,10.771445,7.1331712,26.3,4,19,6
64.6,50.7,30.08,5.2,6.7,9.2,51,0.39,5.0,10.845651,6.0441625,23.9,4,22,6
78.6,64.7,29.89,4.9,5.5,6.5,53,0.05,2.0,11.446326,9.276016,27.8,6,7,6
75.2,64.1,29.91,5.3,6.4,6.4,63,0.05,1.6,12.579934,11.9878581,28.1,6,7,6
70.8,59.2,30.09,5.4,6.8,8.9,55,1.27,6.2,11.580809,10.0521787,24.3,4,19,6
79.6,61.0,29.89,5.3,5.6,6.3,61,0.07,2.9,13.524986,11.3505853,26.1,6,14,6
70.0,55.7,29.91,4.9,6.2,8.2,62,0.07,4.8,12.828827,6.3332967,24.1,5,22,6
70.3,53.4,30.09,5.8,6.8,9.2,60,0.17,6.0,13.565354,10.2801671,21.7,4,21,6
67.4,49.8,29.98,4.9,5.4,7.7,52,1.73,6.6,11.356981,6.1371723,21.7,4,21,6
82.3,64.9,29.89,5.7,5.9,6.6,52,0.04,1.8,13.970765,11.8755698,26.5,6,8,6
67.0,50.8,30.07,5.3,5.5,9.1,53,1.73,5.2,10.175288,6.2424331,24.5,4,12,6
81.5,56.1,29.91,4.5,5.5,7.5,61,0.21,2.2,13.394357,9.7331644,27.4,5,7,6
64.5,50.5,29.97,4.7,6.3,8.1,59,0.19,6.4,12.541594,6.0411826,21.7,4,22,6
82.3,64.9,29.9,5.8,6.7,6.2,63,0.06,2.8,13.667971,11.9994815,27.7,6,8,6
66.5,59.5,30.1,4.7,6.2,8.3,51,1.71,5.7,9.979132,7.9662306,27.1,4,20,6
64.0,49.8,30.09,5.7,6.1,8.9,53,1.73,6.7,9.968011,6.0148997,21.7,4,22,6
73.8,61.9,30.03,4.8,6.1,7.9,60,0.04,2.6,13.370689,11.8894398,26.9,6,11,6
64.1,52.0,30.08,5.6,6.7,9.3,51,1.15,6.5,10.064488,6.0074933,21.9,4,22,6
75.8,62.5,30.03,5.4,6.7,9.0,61,0.04,3.9,13.65802,11.0085948,25.6,5,19,6
80.8,63.4,30.06,4.8,6.5,8.6,52,0.06,3.9,12.8723,11.0525776,27.2,5,14,6
66.4,50.1,30.07,5.9,6.8,9.1,56,0.64,2.6,12.192849,8.106549,26.3,4,12,6
76.1,50.1,30.02,4.8,6.1,8.8,59,1.46,2.1,12.454709,8.2930933,27.5,4,7,6
83.3,64.9,30.01,4.6,5.7,6.5,50,0.12,2.0,12.689926,11.9976498,28.1,6,7,6
77.4,62.0,29.91,4.5,5.9,6.6,56,0.13,2.6,12.150475,9.6325728,27.5,6,9,6
82.5,53.6,29.91,4.9,5.8,6.3,60,1.68,3.5,13.426507,11.9617506,26.7,6,8,6
75.6,58.3,29.96,5.0,6.3,7.3,53,1.51,3.8,11.019158,9.0050225,26.9,5,9,6
80.5,62.2,29.92,4.5,5.8,6.4,61,0.09,1.9,12.890264,11.7034095,28.0,6,8,6
75.9,50.3,30.08,5.5,6.5,8.2,53,1.61,3.7,13.148807,11.7307148,24.7,5,7,6
66.6,52.9,30.06,5.5,6.3,9.3,56,0.29,3.6,11.263539,6.4009307,25.9,4,18,6
70.6,63.9,29.96,4.9,6.5,8.0,53,0.05,3.1,11.347127,8.190824,26.9,5,11,6
72.8,64.9,29.9,4.6,5.8,8.6,52,0.04,1.7,12.338349,6.8032348,27.8,5,9,6
83.2,64.9,29.91,4.5,5.3,6.2,62,0.04,1.5,13.764727,11.9999999,28.1,6,7,6
74.8,64.2,30.06,4.5,5.1,7.8,50,0.04,1.7,11.618527,11.7956065,28.1,6,10,6
82.6,64.9,29.89,4.9,5.6,6.2,52,0.06,2.2,12.913876,11.957897,27.8,6,7,6
79.1,64.6,29.89,4.7,5.3,6.7,63,0.04,1.7,13.64649,9.1156079,27.7,6,11,6
69.3,53.6,30.02,4.5,5.9,9.1,58,0.18,2.6,11.433776,6.2048627,27.4,4,13,6
71.4,64.4,29.89,4.9,5.4,6.2,56,0.04,1.6,13.474092,11.829719,27.6,6,13,6
75.4,50.2,30.1,4.6,5.5,8.7,59,1.73,5.1,10.76209,10.0814495,26.9,4,10,6
69.7,51.4,30.09,5.0,5.9,9.1,51,1.72,6.2,10.648658,6.4566159,22.6,4,16,6
67.8,60.6,29.97,5.2,5.6,7.7,60,0.85,4.6,10.5845,7.0438695,26.7,5,21,6
65.3,52.2,30.07,5.7,6.8,9.3,61,0.26,5.6,11.789418,6.085234,23.1,4,22,6
79.1,50.0,30.02,4.9,5.6,7.1,59,1.73,5.9,12.890706,10.258631,23.3,5,17,6
72.6,52.7,29.89,5.5,6.7,7.8,55,0.04,1.7,13.101423,6.899865,27.4,5,11,6
78.5,64.5,29.91,4.8,6.7,8.5,59,0.04,1.9,13.811063,9.9187621,27.4,5,10,6
82.3,62.1,29.96,5.0,6.4,8.7,58,0.05,3.1,13.71437,10.8426291,26.4,5,8,6
80.8,63.0,29.98,5.8,6.5,7.4,61,0.09,3.1,13.675231,11.9850426,26.6,6,8,6
74.6,57.4,29.9,4.5,5.0,6.2,59,0.16,2.6,13.476849,11.974109,26.1,6,11,6
73.5,50.1,30.1,5.2,6.3,8.9,56,1.73,5.7,10.48793,9.5790102,26.0,4,9,6
82.9,63.4,29.9,4.8,6.2,6.4,56,0.04,1.6,13.89532,11.9917874,28.0,6,7,6
77.7,64.9,29.89,5.3,6.0,6.3,61,0.04,1.8,13.78705,11.8927117,27.3,6,8,6
82.5,63.9,29.89,4.6,5.3,6.2,53,0.06,2.3,13.785664,11.9985121,27.1,6,7,6
69.7,49.9,29.98,4.9,6.3,6.7,51,1.72,3.7,11.403816,8.089163,25.8,4,12,6
77.5,51.0,29.94,5.9,6.3,9.1,60,0.63,6.0,13.716388,6.6883099,21.7,5,19,6
64.0,54.4,29.97,5.8,6.4,8.9,59,0.04,3.0,11.809542,6.1623208,25.3,4,22,6
81.2,64.9,29.89,4.8,5.9,6.6,55,0.04,2.0,13.560662,10.0630314,27.1,6,7,6
69.2,57.0,29.89,4.9,5.2,7.0,54,0.05,3.1,12.438462,6.5475957,24.7,5,20,6
70.0,60.9,29.9,5.0,6.2,7.6,58,0.04,2.6,12.999812,8.4876159,25.6,5,11,6
65.6,53.0,30.06,5.8,6.7,8.4,62,0.86,4.5,11.862201,10.1657017,25.3,5,20,6
79.6,64.0,29.95,4.8,6.5,7.9,55,0.04,2.4,13.828618,11.6558058,26.9,6,13,6
64.5,64.7,29.91,4.7,5.1,7.1,52,0.04,4.7,10.435706,6.6335463,24.1,5,21,6
68.6,50.6,30.05,5.3,6.6,9.0,62,0.36,4.6,12.90002,6.8997154,24.9,4,22,6
83.3,64.9,29.89,4.6,5.7,6.3,55,0.04,1.6,13.835689,11.9992211,28.0,6,7,6
75.0,61.2,29.9,4.5,5.4,6.2,60,0.1,3.9,13.374215,11.8782515,25.7,6,19,6
76.3,62.2,30.03,5.5,6.2,7.4,52,0.5,5.6,12.275837,11.0786512,24.3,5,18,6
65.1,50.0,30.03,5.4,5.9,8.5,63,1.7,5.0,11.024942,6.7274637,24.7,5,21,6
74.5,64.7,29.91,4.6,6.2,6.7,57,0.04,1.6,13.494829,11.4665041,28.0,6,13,6
73.9,63.8,30.0,4.6,5.9,8.1,51,0.06,4.6,11.551595,7.9046134,26.0,5,20,6
83.2,63.1,30.03,4.9,6.2,7.3,54,1.02,3.7,13.462331,11.9910458,27.1,6,7,6
66.3,59.6,29.93,4.8,6.3,8.2,55,0.04,2.4,12.742433,7.2154416,26.4,5,20,6
68.0,61.3,29.92,4.5,5.1,6.8,60,0.05,2.0,11.545586,10.1896692,27.7,6,14,6
80.2,64.8,29.91,4.9,5.2,6.2,53,0.12,1.7,12.013375,11.9983688,28.1,6,7,6
64.4,51.1,30.09,5.0,6.5,9.1,52,1.58,6.6,10.328968,6.033594,22.4,4,22,6
77.0,59.4,29.92,4.9,5.9,7.9,58,0.04,3.4,13.510233,8.7200591,25.2,5,17,6
64.4,49.9,30.1,5.3,6.6,9.1,53,1.71,5.3,10.563963,6.9376778,24.2,4,20,6
74.6,56.5,29.99,4.6,5.2,7.7,53,0.6,3.1,11.708791,9.1671083,26.8,5,11,6
83.1,64.2,29.95,4.6,5.4,7.4,51,0.04,1.9,13.498164,11.850391,27.9,6,7,6
81.2,60.7,29.92,4.9,5.2,6.5,54,1.0,2.4,11.893224,11.607717,27.9,6,8,6
83.0,64.7,29.93,4.6,5.3,6.2,51,0.08,1.6,13.201777,11.9999572,28.1,6,7,6
68.2,50.0,29.97,5.3,6.2,8.9,52,1.72,6.6,10.983669,6.0157932,21.7,4,22,6
65.2,52.4,30.08,4.6,6.2,9.2,53,1.37,6.1,10.470956,6.0285372,22.7,4,21,6
78.6,51.6,29.98,5.2,6.6,9.1,64,0.04,1.8,13.996703,11.3114842,27.0,5,9,6
83.3,64.9,29.9,4.7,5.4,6.0,58,0.08,1.5,13.033,12.0,28.1,6,6,6
73.4,55.5,29.95,4.5,5.0,9.1,51,0.18,4.3,11.17944,6.018923,24.0,4,19,6
66.4,55.4,30.1,4.7,6.5,9.3,57,0.2,6.2,11.666586,6.4687038,23.3,4,22,6
78.0,52.7,29.94,4.6,5.6,7.5,59,0.91,3.4,13.213613,10.0429046,25.1,5,9,6
81.7,64.9,29.98,5.0,5.5,6.5,54,0.05,2.3,12.322527,11.9992571,28.0,6,7,6
74.3,64.9,29.93,4.6,6.0,7.9,53,0.04,2.1,11.923477,9.5536021,27.8,5,9,6
68.0,57.2,29.89,5.5,6.2,6.9,64,0.05,4.1,13.288978,8.1271595,24.3,6,22,6
71.5,50.8,29.91,4.5,5.0,6.7,54,1.67,4.8,11.349141,6.2756191,23.5,5,16,6
68.0,50.0,30.04,4.9,5.4,8.1,65,1.73,6.3,11.097969,7.3041626,23.0,5,20,6
64.2,51.2,29.89,5.4,5.4,7.4,58,0.52,4.7,10.832434,6.0176615,22.1,5,22,6
69.0,51.7,30.05,5.2,6.5,8.9,54,1.08,5.9,11.945626,6.3566224,22.5,4,21,6
78.7,52.7,29.95,5.4,6.7,6.7,61,1.14,3.9,13.520226,11.7767065,26.1,6,14,6
71.3,50.2,30.04,5.5,6.4,8.2,54,1.68,6.2,12.468693,7.4785007,21.8,4,21,6
81.8,54.6,29.89,5.3,6.2,8.6,54,0.06,2.1,13.411587,6.4227595,26.3,5,7,6
78.8,63.6,29.92,4.7,5.7,6.7,54,0.04,2.8,13.41577,11.7604996,26.6,6,12,6
65.1,51.2,29.89,5.1,5.2,8.1,52,0.06,5.0,11.901794,6.0077033,21.7,5,22,6
72.7,64.1,29.89,5.1,5.9,6.5,65,0.04,1.5,13.96437,11.7698653,28.0,6,12,6
69.0,49.9,30.1,5.3,6.7,9.2,61,1.31,3.0,13.010346,10.4764923,26.5,4,12,6
82.4,64.8,29.96,4.7,6.5,6.7,63,0.8,3.8,12.370243,11.9171932,27.9,6,9,6
68.5,53.5,29.95,4.5,6.2,7.3,51,1.43,5.7,10.799087,6.092608,23.6,4,20,6
74.3,63.5,29.96,4.6,6.6,6.3,56,0.09,2.2,12.433989,11.9590459,27.8,6,8,6
65.1,49.8,30.05,5.2,6.0,8.4,58,1.73,5.4,11.0,6.083333,21.7,4,21,6
64.9,55.6,29.91,4.7,5.5,9.3,62,0.04,4.0,11.434978,6.0066667,23.4,4,22,6
64.2,51.7,30.08,4.9,6.4,9.3,50,1.68,6.8,10.06485,6.0115925,21.7,4,21,6
79.9,59.4,29.9,5.2,5.6,6.4,51,0.07,1.7,13.092557,11.7410443,27.6,6,7,6
76.8,60.8,29.98,5.2,6.3,6.6,52,0.3,2.3,12.173348,11.7568685,27.7,5,7,6
78.5,59.6,29.98,4.6,5.8,8.1,54,0.12,3.5,12.455754,8.538606,27.1,5,17,6
83.0,51.2,29.92,4.5,5.5,7.3,62,0.54,3.6,13.992615,11.1487603,24.5,6,9,6
80.6,58.3,29.97,4.8,6.4,7.6,57,0.86,3.1,12.876342,11.5991949,26.9,6,7,6
82.2,55.1,29.9,5.0,6.4,8.0,65,0.11,4.1,13.995107,10.9309819,23.6,6,12,6
69.3,53.1,30.0,6.0,6.8,8.7,59,0.2,4.2,13.062952,9.4462908,24.4,5,18,6
66.1,52.5,30.02,5.6,6.0,9.3,53,0.04,4.1,13.010408,6.0480783,21.7,4,21,6
64.3,59.7,30.01,5.5,6.6,8.1,51,0.04,2.9,11.267185,8.0882539,25.7,4,19,6
66.4,50.5,29.97,5.2,5.7,8.3,52,1.39,5.1,11.122391,6.1366137,23.0,4,21,6
81.3,50.2,29.95,4.6,5.8,6.9,62,1.67,2.5,13.318556,11.163737,27.4,5,8,6
69.8,62.7,29.91,4.6,5.8,7.1,59,0.04,2.0,12.215079,9.155096,27.8,6,15,6
68.8,61.3,29.89,4.6,5.0,7.6,56,0.04,1.9,12.576273,6.1673307,26.5,6,19,6
64.1,51.0,29.98,5.0,6.4,9.0,59,0.05,3.9,11.697102,6.0485263,24.6,4,22,6
81.7,64.8,30.08,4.6,5.4,8.0,53,0.94,4.5,11.486878,11.8376225,27.4,5,8,6
73.0,56.0,29.9,5.5,6.4,6.2,65,1.55,5.5,13.026967,11.8405308,24.3,6,20,6
78.1,56.9,29.89,5.7,6.1,7.4,64,0.43,4.0,12.968549,7.7908038,25.8,6,18,6
81.1,61.7,30.1,4.9,6.5,9.2,51,0.94,3.0,11.33721,11.0637772,27.9,4,7,6
64.5,56.6,29.9,6.0,6.6,8.5,55,0.04,5.1,12.29175,6.0198232,21.7,4,22,6
71.3,64.9,29.89,5.1,6.1,6.5,63,0.04,1.7,13.533389,11.1306261,27.6,6,13,6
74.1,59.3,30.02,4.8,6.2,7.6,51,1.34,4.9,11.034951,8.6459691,25.9,5,13,6
66.8,50.7,30.09,6.0,6.7,8.0,55,1.72,5.1,10.970562,10.8671003,25.6,4,18,6
79.1,64.9,29.92,5.6,5.8,7.1,54,0.04,1.8,12.902787,11.8945442,27.9,6,9,6
70.3,64.7,29.89,4.9,5.5,6.5,52,0.04,1.6,11.692464,10.8480102,28.0,6,7,6
78.0,64.5,29.89,5.5,6.0,6.5,60,0.04,1.7,13.997117,11.4359992,26.7,6,16,6
74.8,62.3,29.99,4.9,5.3,6.4,53,1.55,4.0,10.887376,11.7998911,27.0,6,10,6
67.7,53.5,30.07,4.8,5.6,8.0,51,1.72,6.2,10.251642,7.4067591,23.8,4,19,6
64.9,53.1,30.07,5.1,6.1,8.1,62,0.82,5.3,11.515419,8.5035611,24.9,4,22,6
71.1,54.6,29.93,6.0,6.8,7.8,59,0.75,5.4,12.282104,6.8609007,24.4,5,21,6
76.0,58.6,29.98,4.6,5.9,8.3,51,0.82,3.8,11.253031,6.8828951,26.2,4,9,6
82.7,58.9,29.89,4.7,6.1,7.9,55,0.05,2.3,13.619297,6.9375069,27.2,5,8,6
65.9,52.6,30.1,4.9,6.5,9.3,51,1.59,5.4,10.195771,6.1872696,25.4,4,19,6
64.9,50.9,29.91,4.8,5.1,6.6,57,1.05,5.5,11.580658,6.6742186,21.8,5,22,6
65.3,52.6,30.07,4.9,6.7,9.0,58,1.64,6.5,10.637925,6.2290242,22.9,4,22,6
71.2,50.3,30.02,5.3,6.7,8.8,61,0.05,2.0,13.838341,10.3904479,26.6,5,11,6
68.6,49.9,29.9,4.6,5.2,9.3,55,0.04,1.7,12.759381,6.0070713,26.1,4,16,6
80.9,57.0,30.0,4.8,6.7,8.2,59,0.39,3.8,13.703939,11.4004153,24.8,5,7,6
82.1,64.6,29.89,5.1,6.0,6.4,57,0.04,2.0,13.597402,11.8573366,27.7,6,8,6
69.4,52.0,30.07,4.8,5.9,8.1,50,1.44,4.2,10.965586,7.7306105,25.7,4,15,6
81.7,59.2,30.01,4.5,6.1,8.6,51,1.3,2.9,11.0936,7.1684806,27.8,4,7,6
68.3,59.2,29.97,4.6,5.0,8.8,53,0.17,4.4,10.803455,6.2132137,24.8,5,21,6
82.2,64.3,30.04,4.9,5.8,6.2,52,0.34,2.7,13.203878,11.9999937,28.0,6,9,6
71.0,63.6,29.94,4.8,6.5,7.4,59,0.04,2.9,12.981871,11.1530682,26.4,6,14,6
82.0,63.3,29.94,5.5,6.8,7.6,60,0.04,1.8,13.906232,11.9730843,27.9,6,7,6
74.5,61.4,29.89,5.2,5.1,6.3,59,0.04,1.7,13.633109,11.6190024,27.2,6,12,6
75.4,58.9,30.07,5.1,6.7,8.7,56,0.05,2.7,13.299036,11.6234661,27.2,5,12,6
79.7,64.4,30.03,4.9,6.4,6.4,56,0.29,2.4,12.484132,11.9980779,27.9,6,7,6
71.0,56.5,29.9,4.8,5.8,6.8,52,0.53,4.6,11.569792,6.6777732,24.5,5,19,6
83.3,63.7,29.9,5.0,6.0,6.6,59,0.04,1.7,14.029656,11.9996957,27.9,6,7,6
82.0,64.9,29.89,4.8,6.3,6.6,58,0.04,1.7,13.983335,11.8626782,27.5,6,7,6
65.2,50.2,30.09,4.6,5.5,9.3,54,0.93,3.8,10.905199,6.0920588,25.1,4,18,6
77.2,60.1,29.94,5.1,5.9,6.9,55,0.06,1.6,12.593043,11.7872649,28.1,6,7,6
68.4,49.8,30.03,5.1,5.8,8.2,56,1.73,6.4,11.838215,6.4597083,21.7,4,22,6
76.5,63.5,30.08,4.5,6.1,8.7,50,1.27,4.6,10.41162,7.8183313,26.9,4,7,6
64.3,49.8,30.1,5.1,6.8,9.2,56,1.73,6.4,10.731227,8.263988,22.8,4,21,6
69.2,58.8,30.06,5.1,6.0,9.1,56,0.19,4.2,12.05753,9.5524797,24.3,5,11,6
65.1,49.9,30.1,5.4,6.1,9.3,54,1.71,6.2,10.926886,6.2250752,22.3,4,22,6
64.0,54.0,29.96,5.2,6.4,9.3,57,0.07,6.7,10.552814,6.0066667,21.7,4,22,6
66.3,58.6,30.07,4.5,5.5,8.0,53,1.36,2.3,9.999252,7.4593921,28.0,4,10,6
72.7,56.7,30.06,5.5,6.2,8.3,57,0.42,3.7,12.663544,11.5127173,25.9,5,12,6
81.3,51.3,29.95,4.9,6.1,8.8,55,1.35,4.5,13.315382,7.1472964,23.1,4,8,6
80.8,59.8,29.89,4.5,5.6,6.6,58,0.04,1.6,13.944737,11.0637568,27.6,6,9,6
70.7,50.2,29.98,4.8,5.3,7.4,58,0.22,2.5,13.578797,11.3636632,25.4,6,16,6
79.5,64.8,29.97,4.8,5.7,6.6,51,0.06,2.6,11.946401,11.8489937,27.7,5,8,6
65.5,49.9,30.07,5.9,6.8,9.3,61,1.26,5.1,12.21017,6.233747,23.1,4,21,6
75.2,50.3,29.96,5.6,6.1,7.8,61,0.22,2.4,13.809782,11.5247074,25.7,5,11,6
73.2,63.3,30.06,5.2,6.7,8.5,52,0.05,2.3,11.729197,10.9294156,27.8,4,7,6
73.6,58.0,30.03,5.1,6.4,7.3,54,0.22,2.5,12.735738,11.8948613,27.0,5,8,6
65.3,53.8,30.05,5.5,6.7,7.5,56,0.43,5.2,11.915525,9.9702046,24.7,5,22,6
64.2,55.2,29.95,5.1,5.1,8.6,56,0.04,2.8,12.475476,6.7921939,24.0,5,22,6
71.7,57.7,29.98,5.1,6.3,9.3,51,0.17,5.6,11.289628,6.0165821,22.2,4,19,6
68.6,60.9,29.96,5.3,6.6,8.5,56,0.06,3.0,11.576864,7.4792238,26.8,5,13,6
65.4,52.3,29.94,5.3,6.1,8.9,64,0.04,1.8,13.640034,8.6672561,26.8,6,21,6
73.9,54.8,29.98,5.3,5.2,7.5,51,1.61,3.4,11.083578,9.8462478,25.9,5,7,6
70.0,56.4,29.99,4.6,6.0,7.6,51,0.12,2.3,11.494223,8.0684801,27.4,4,10,6
73.3,52.2,29.99,5.0,5.9,9.2,52,0.8,3.0,11.175926,6.0936199,26.4,4,10,6
79.8,64.7,29.94,5.0,5.7,6.2,53,0.16,3.2,12.842856,11.998778,27.4,6,10,6
79.3,64.2,29.92,4.9,6.2,6.8,54,0.04,2.8,13.746568,11.703863,26.6,6,17,6
64.0,49.8,30.1,5.7,6.4,9.3,58,1.73,6.5,10.238439,6.0118002,21.7,4,21,6
78.6,64.2,29.91,4.6,5.6,7.3,53,0.04,2.5,13.627277,11.5180263,25.6,6,8,6
64.4,52.0,30.02,4.7,5.3,8.7,51,1.24,6.7,10.454614,6.0200613,21.7,4,22,6
74.4,62.0,29.9,4.6,5.1,6.3,59,0.05,1.9,12.51791,11.7568268,27.9,6,17,6
78.0,56.2,29.89,5.3,6.7,6.8,64,0.04,1.6,13.797114,10.2262188,27.7,6,7,6
66.0,55.5,29.94,4.8,5.8,6.4,52,1.19,4.5,10.686099,7.7470654,25.9,5,21,6
75.8,62.9,29.91,5.0,6.4,8.0,54,0.05,4.3,12.621969,7.717929,25.2,5,18,6
73.8,64.2,29.9,4.6,5.2,6.4,52,0.05,4.0,12.327752,10.0793522,25.2,6,18,6
64.5,49.8,30.1,6.0,6.7,9.3,51,1.72,6.4,10.680435,6.1800589,21.7,4,22,6
70.7,63.1,29.92,4.9,6.6,7.7,56,0.04,1.8,13.896104,11.3768555,26.7,6,15,6
82.8,63.7,29.89,4.6,6.0,6.3,65,0.04,1.6,14.030547,11.875161,27.8,6,8,6
66.1,52.6,30.07,4.8,6.5,9.1,52,0.39,5.0,11.482708,6.5022128,23.6,4,20,6
64.2,54.4,30.1,4.6,6.1,9.1,50,1.73,6.9,9.89697,10.0266402,25.8,4,21,6
72.1,53.7,29.9,4.7,5.4,7.5,60,0.04,1.8,13.538653,7.8439146,27.0,6,14,6
78.4,55.8,29.89,4.8,5.4,6.7,53,0.04,2.2,13.746114,9.7544935,25.7,6,12,6
75.7,63.6,29.92,4.5,5.5,6.8,63,0.04,5.1,13.760297,11.3924351,22.8,6,19,6
67.2,50.1,30.07,5.2,6.5,9.3,60,1.08,5.3,11.850118,6.0159283,22.8,4,20,6
65.2,54.9,30.08,4.8,6.4,8.6,51,1.35,5.7,10.383976,6.4254427,24.5,4,21,6
82.9,61.3,29.9,4.6,6.2,8.1,60,0.04,1.5,14.004385,11.2303592,28.0,6,7,6
73.1,56.8,29.93,4.5,5.6,6.4,54,0.06,1.7,12.428115,10.8943544,27.9,6,10,6
64.1,51.8,29.92,5.7,6.1,7.7,58,0.53,4.9,10.734272,6.2236511,23.2,5,22,6
72.7,64.4,29.9,4.6,5.1,6.3,51,0.04,1.5,11.124201,11.6996938,28.1,6,7,6
74.2,57.7,29.94,5.7,6.4,8.3,61,0.05,2.1,13.120412,10.1342894,27.5,5,14,6
78.0,64.9,30.07,4.8,6.5,6.5,59,0.11,4.5,12.669004,11.9992775,27.5,6,16,6
74.6,50.1,30.06,5.5,6.5,7.3,59,1.73,3.6,12.005414,11.7044593,26.3,5,7,6
77.3,58.5,29.9,5.1,6.6,6.3,64,0.05,2.1,13.833784,11.9502593,27.5,6,12,6
78.4,59.3,29.92,5.1,5.7,7.0,57,0.05,1.9,13.28123,11.6921173,27.6,6,8,6
80.8,60.8,29.99,4.9,5.6,7.0,52,1.22,1.7,11.156914,11.8873295,28.1,6,7,6
74.0,52.6,30.06,5.0,5.8,8.0,62,1.55,3.6,12.242315,11.3212809,26.8,5,12,6
77.3,64.7,29.89,6.1,6.5,7.7,52,0.04,1.8,13.055564,8.5430926,27.4,6,9,6
82.3,52.8,30.0,4.5,5.8,7.4,53,1.72,4.8,12.33449,9.6954436,25.3,5,7,6
81.6,51.3,30.09,4.9,6.3,8.9,58,1.73,6.9,13.233152,10.4158357,21.7,4,14,6
68.0,53.5,29.9,6.0,6.7,8.5,62,0.04,2.2,13.853489,7.7639889,25.1,6,21,6
78.6,61.3,30.1,5.5,6.8,7.5,59,0.79,4.3,13.311705,11.9992814,27.1,5,10,6
66.5,51.0,30.1,4.7,6.1,9.2,50,1.71,6.7,10.470059,6.1157424,21.7,4,21,6
69.4,50.2,30.08,5.5,6.4,8.8,51,1.69,4.9,11.28035,7.5320835,24.2,4,16,6
74.6,50.4,29.95,4.8,5.8,7.7,60,1.4,4.5,13.194532,8.279232,23.4,5,14,6
65.5,50.1,30.0,5.7,5.6,8.1,61,1.56,6.4,12.482426,8.2436701,21.7,5,22,6
81.2,60.2,29.96,4.5,5.5,6.6,59,0.14,1.7,13.059442,11.8863164,28.1,6,7,6
73.6,55.1,30.1,4.6,5.3,8.8,54,1.71,5.2,10.758819,9.2624341,25.9,4,10,6
82.4,60.1,29.91,5.4,6.6,7.1,61,0.08,1.6,13.529764,11.9181545,28.1,6,7,6
65.2,56.3,29.89,5.1,5.3,8.1,60,0.04,1.6,12.483411,6.2493851,27.1,6,17,6
66.8,56.2,30.01,4.6,6.6,8.7,59,0.22,3.2,11.528945,7.1864672,26.1,4,9,6
80.4,60.2,30.08,4.9,6.6,9.1,53,0.04,2.5,13.822334,11.882616,26.6,5,8,6
76.8,51.7,30.05,4.7,5.4,8.8,53,1.49,2.5,11.515067,8.5690881,27.5,4,8,6
71.8,63.9,29.93,4.9,5.8,8.4,63,0.04,2.6,13.657885,9.4594949,26.8,6,22,6
80.0,51.2,29.89,4.5,5.0,6.2,60,1.4,2.9,13.622412,11.79226,25.2,6,9,6
72.5,52.9,30.02,4.9,6.2,9.1,59,0.04,1.7,13.82102,11.0394836,27.3,5,11,6
64.9,59.0,30.01,4.5,5.4,9.2,51,0.04,2.5,11.082919,6.0303085,26.3,4,19,6
80.8,64.9,29.99,4.8,5.5,6.9,52,0.06,2.3,12.079586,11.887778,28.0,5,8,6
64.1,49.9,30.1,4.9,6.0,9.3,56,1.73,6.9,10.066656,6.0099968,21.7,4,22,6
76.7,50.8,30.0,5.0,6.1,9.1,56,0.35,3.3,13.188142,7.233201,25.3,5,14,6
64.4,50.5,29.9,5.2,5.6,9.0,60,0.06,4.9,12.036186,6.006935,21.7,5,22,6
81.8,64.4,29.92,5.0,6.5,8.7,58,0.04,1.9,13.795301,10.9295106,27.8,6,14,6
79.8,64.6,29.92,5.3,6.7,6.5,61,0.05,3.7,13.438153,11.924914,26.8,6,12,6
67.3,51.1,29.98,4.8,6.0,7.4,64,0.26,3.1,12.943032,8.7804729,26.2,5,19,6
64.7,58.4,29.91,5.5,6.0,7.3,57,0.04,4.0,11.800137,6.8888721,24.8,5,22,6
64.0,50.3,30.1,6.1,6.8,9.2,50,1.72,6.9,9.943911,6.040178,21.7,4,22,6
65.8,63.9,29.9,5.2,5.8,8.9,51,0.04,3.3,11.313833,6.0294854,24.8,5,21,6
69.7,51.3,29.89,4.6,5.4,7.0,58,0.15,3.6,13.005576,6.2502089,22.6,6,17,6
80.9,57.8,30.0,4.6,5.2,6.4,50,0.53,1.9,12.942303,11.9923328,27.7,6,7,6
81.9,64.8,29.95,5.1,6.6,6.3,61,0.05,2.0,13.678182,11.9999789,28.0,6,7,6
77.4,64.9,29.99,4.7,6.1,8.4,59,0.04,3.4,12.136523,10.182373,27.7,5,18,6
76.8,61.0,30.04,5.7,6.5,6.8,56,0.08,2.8,13.216737,11.9919585,27.7,6,17,6
74.8,56.1,29.99,4.5,5.0,8.1,57,0.17,3.5,12.831609,9.2710027,25.2,5,12,6
64.1,53.0,30.0,4.8,6.2,8.5,52,0.27,4.8,10.414447,6.0489927,24.3,4,22,6
81.2,61.0,29.93,4.9,6.2,6.9,58,0.28,2.5,13.165603,11.8468009,27.5,6,8,6
78.1,64.4,30.0,4.8,6.7,6.7,51,0.05,3.0,12.85181,11.9170485,27.4,6,12,6
65.5,56.2,30.03,5.2,5.3,8.3,55,0.69,5.6,11.018571,7.7376682,23.6,5,22,6
72.6,51.9,29.92,4.8,6.7,6.6,59,0.39,2.3,12.786396,9.408458,27.6,5,12,6
66.0,63.5,30.1,4.5,5.1,8.9,50,0.8,4.5,9.971605,7.0213788,27.2,4,16,6
75.0,62.9,29.96,4.7,6.7,7.9,54,0.04,1.7,12.90616,10.7275095,28.0,5,9,6
68.7,49.8,30.1,4.7,6.7,7.9,62,1.73,6.6,12.319257,9.680127,22.8,4,21,6
70.3,61.3,30.03,5.6,6.7,9.1,53,0.04,2.3,13.155846,9.7715775,27.0,5,18,6
77.0,50.0,29.92,5.8,6.3,7.9,54,1.63,4.2,12.814153,6.9265031,23.4,5,11,6
71.3,50.6,30.1,5.4,6.4,9.3,51,1.62,4.9,11.247638,7.6985973,24.9,4,13,6
70.0,56.2,29.97,4.5,5.3,7.9,56,0.04,1.5,12.295456,11.331215,28.0,6,7,6
69.8,56.6,29.91,5.2,5.4,8.3,64,0.22,5.9,12.593682,6.4903696,22.1,6,22,6
64.0,49.8,30.05,5.4,6.7,9.3,62,0.05,4.3,11.931182,6.0066667,21.7,4,22,6
69.0,64.5,29.9,4.6,5.6,7.9,58,0.04,3.8,12.039591,6.6708464,25.0,6,19,6
76.8,56.0,30.05,4.6,6.2,7.3,56,1.56,5.0,11.977464,10.6296007,26.2,5,15,6
64.1,50.0,30.09,5.2,6.3,9.3,56,0.9,6.0,10.920087,6.0257596,22.6,4,22,6
70.3,62.6,29.94,5.6,6.7,7.7,61,0.09,6.4,12.817123,9.4328234,22.0,6,22,6
81.0,53.7,29.9,4.7,6.5,6.6,63,1.13,3.0,13.1645,8.703892,27.1,5,9,6
78.2,64.4,29.92,4.6,6.2,6.4,61,0.05,1.9,12.804588,11.9207527,28.0,6,7,6
66.7,49.9,30.07,5.1,5.8,8.9,58,1.73,6.5,10.540832,6.1149112,22.3,4,21,6
64.1,54.3,30.08,4.6,5.2,9.0,51,1.5,6.9,10.016508,6.0151725,21.7,4,22,6
82.6,63.5,29.89,4.7,5.3,6.3,60,0.05,1.5,13.599468,11.9858333,28.0,6,7,6
82.5,63.5,29.94,5.1,6.3,7.7,55,0.04,1.7,13.541867,11.894195,28.0,6,7,6
68.9,64.9,29.9,4.7,5.1,6.6,52,0.04,1.7,11.624315,11.2031688,27.9,6,14,6
64.0,52.2,30.03,5.5,6.6,8.9,53,0.96,5.7,10.216551,6.0218351,22.6,4,22,6
66.9,50.8,29.98,4.9,6.6,7.6,55,1.18,4.4,11.55358,6.6874104,25.3,4,21,6
69.7,54.4,30.09,4.9,5.7,8.4,50,1.63,5.9,10.724507,8.8736935,23.7,4,19,6
66.6,50.6,30.02,5.2,6.5,8.7,65,0.93,5.0,12.773314,7.8084744,24.5,5,22,6
69.1,56.0,29.94,4.7,5.1,7.9,52,0.47,6.2,11.382934,6.101413,22.2,5,22,6
78.8,61.2,30.07,4.6,6.4,9.3,56,0.06,5.5,12.999071,6.6979182,24.2,4,19,6
64.0,50.0,30.07,4.8,5.8,8.2,61,1.64,4.9,10.081247,6.195965,25.5,4,22,6
68.6,49.9,30.02,4.6,5.4,8.7,55,1.72,4.0,10.938399,6.291812,25.0,4,13,6
64.3,49.8,30.07,5.8,6.3,8.7,57,1.72,6.4,11.106966,6.5664022,21.7,4,22,6
70.6,55.3,29.93,5.4,6.7,7.0,63,0.05,3.3,13.674144,11.2345215,25.5,6,19,6
76.1,61.9,29.99,4.9,5.5,8.4,53,0.07,3.7,11.982514,8.3587048,26.8,5,19,6
64.7,49.8,30.0,5.1,5.6,7.6,55,1.73,5.9,10.306688,6.0985164,23.4,4,22,6
69.4,49.9,30.01,5.2,6.7,8.7,51,1.6,6.1,12.17527,6.1325529,21.7,4,22,6
78.0,63.8,29.91,5.4,6.1,7.2,58,0.05,4.4,13.190307,10.3660269,25.5,6,21,6
73.9,56.2,30.01,5.8,6.8,7.6,53,0.33,5.8,13.47169,11.3463682,21.7,5,17,6
82.8,62.8,29.9,4.7,5.2,7.1,52,0.04,1.7,13.475017,11.294997,27.7,6,7,6
70.6,61.4,29.95,5.0,6.3,8.1,60,0.2,3.4,11.293365,7.3019639,27.1,5,15,6
79.7,56.9,29.9,4.5,5.2,7.1,54,0.77,2.5,11.749251,6.9827078,27.2,5,7,6
79.7,51.9,30.0,5.4,6.7,7.1,64,1.59,2.3,13.186727,11.9499628,27.8,6,7,6
68.7,50.7,30.02,4.8,6.2,9.3,57,0.05,2.6,13.013636,6.2760495,25.4,4,17,6
68.9,50.6,29.9,6.1,5.2,8.0,59,0.04,1.9,13.770634,10.1388303,24.7,6,17,6
64.0,49.8,30.07,5.0,6.2,9.3,51,0.16,3.1,10.525587,6.0080667,24.3,4,22,6
67.7,50.0,30.1,5.6,6.6,8.8,56,1.73,6.1,11.075476,8.2084861,24.7,4,22,6
64.1,50.1,30.09,5.2,6.4,9.2,55,1.72,6.7,10.217968,6.0234576,21.7,4,22,6
80.8,64.9,29.9,4.5,5.1,7.3,55,0.04,2.4,12.736846,8.8072255,27.3,6,10,6
82.4,61.1,29.89,4.6,5.4,6.2,54,0.55,2.0,12.804857,11.7059791,28.0,6,7,6
71.9,51.3,29.92,5.0,6.1,8.7,58,0.13,3.4,12.839024,6.2060705,25.1,5,19,6
82.5,64.9,29.91,5.1,6.0,6.5,56,0.04,2.4,13.723857,11.9860673,27.3,6,8,6
83.2,64.9,29.93,5.1,6.4,6.3,52,0.04,2.2,13.876482,11.9999313,27.8,6,7,6
83.1,64.8,29.93,4.8,5.8,7.3,58,0.17,2.1,12.791752,11.8804746,28.0,6,7,6
77.5,61.6,29.89,5.5,6.3,6.7,60,0.04,1.5,13.48462,11.5795755,27.9,6,7,6
80.8,50.2,29.99,5.6,5.9,7.8,61,1.69,3.9,13.40546,11.3162547,25.7,5,12,6
83.0,64.7,30.06,4.5,5.4,6.9,55,1.72,5.3,10.985927,11.8884455,27.7,6,7,6
83.0,64.9,29.89,4.6,5.2,6.2,59,0.04,1.6,13.873881,11.999997,28.1,6,7,6
64.2,51.1,30.08,4.7,6.3,9.0,53,1.7,6.9,10.18722,6.0102915,21.7,4,22,6
81.8,63.0,29.91,5.0,6.1,6.7,58,0.08,2.5,13.471464,11.9340825,27.4,6,8,6
66.6,49.9,30.01,5.8,6.8,8.6,51,1.51,6.5,12.235686,6.1403549,21.7,4,22,6
64.9,49.9,30.08,4.6,6.5,8.9,64,1.71,6.3,11.321192,6.2007301,23.3,4,22,6
83.0,54.0,29.89,5.1,5.3,6.2,64,0.14,1.5,13.975343,11.9953169,28.0,6,7,6
76.1,62.8,29.95,4.9,5.7,6.4,53,0.34,2.3,11.868542,11.8870459,27.7,6,7,6
78.7,54.7,29.9,5.3,5.6,6.5,53,0.07,1.9,13.464536,11.4673015,27.2,6,10,6
68.2,50.1,30.1,4.7,6.6,8.2,58,1.73,3.8,10.669304,11.5511075,27.7,4,10,6
64.7,63.6,29.89,6.0,5.7,6.4,56,0.04,3.2,11.446791,8.0326385,25.9,6,22,6
70.0,56.6,29.89,5.5,5.1,6.9,55,0.11,3.6,11.907646,6.5705135,24.2,6,21,6
68.7,52.1,30.03,4.8,5.9,8.1,59,1.0,3.0,12.24659,10.6063784,25.7,5,8,6
81.1,63.5,29.98,4.6,5.3,6.9,51,1.51,5.3,11.048028,10.0598287,26.2,5,12,6
72.4,59.2,30.05,4.8,6.4,8.6,55,0.09,4.1,12.652099,9.949849,25.5,5,16,6
64.6,49.8,30.08,5.8,5.6,8.7,54,1.72,5.3,10.896949,6.969325,22.8,4,21,6
66.8,59.3,30.05,4.9,5.8,8.9,50,1.02,5.8,10.202198,6.1391444,24.2,4,20,6
65.0,57.1,29.98,5.0,6.1,8.3,55,0.7,5.9,10.905557,6.6062497,22.1,5,21,6
74.2,51.3,30.05,4.9,6.6,8.6,62,1.48,4.8,12.75096,9.6067232,25.4,5,17,6
65.4,50.7,29.97,4.8,5.9,9.1,54,0.07,4.4,12.145092,6.0128802,22.5,4,21,6
77.9,64.3,29.91,4.6,5.6,6.6,58,0.05,3.5,12.931492,11.0488412,26.7,6,16,6
65.4,63.8,29.92,4.9,6.2,6.7,58,0.06,6.5,11.585471,6.8253074,22.0,5,22,6
80.9,58.9,29.92,4.5,5.1,6.6,52,0.15,2.5,13.213168,11.2276061,26.4,6,7,6
65.3,49.9,30.04,5.0,6.2,8.9,64,1.33,6.7,12.910315,6.1297346,21.7,4,22,6
66.2,50.0,30.02,4.6,5.8,7.4,59,1.73,5.3,11.113533,6.837885,23.6,4,16,6
72.6,62.2,30.07,6.1,6.8,6.6,56,1.47,5.7,11.778603,11.9739499,26.0,5,18,6
75.1,58.2,29.94,5.1,6.1,8.6,55,0.06,2.8,12.859794,8.5731874,25.9,5,10,6
77.4,60.8,29.95,4.5,5.2,6.8,54,0.16,2.5,11.033,8.033,27.6,5,11,6
75.3,53.1,29.9,4.9,5.2,7.5,61,0.12,1.8,12.852991,9.1535318,27.4,6,9,6
83.3,63.9,29.95,4.6,6.0,6.4,64,0.92,2.5,13.780174,11.9995486,27.9,6,7,6
72.9,49.9,29.91,4.6,5.8,6.6,61,1.49,2.4,12.824711,8.3453276,27.0,5,14,6
64.7,52.4,30.1,5.8,6.7,9.3,50,1.63,6.6,10.071189,6.0170026,21.7,4,21,6
71.4,50.1,29.98,5.1,6.0,8.4,55,1.73,5.6,10.730469,6.0846417,24.0,4,17,6
64.4,57.4,29.9,4.7,5.4,8.2,56,0.04,3.0,12.250972,6.1346923,23.3,5,21,6
78.0,59.9,30.04,5.0,5.9,8.6,58,0.12,3.1,13.04013,11.3915958,26.7,5,10,6
72.3,57.8,29.91,5.3,5.9,8.8,61,0.06,3.1,12.358886,6.9047088,26.3,6,19,6
80.5,64.0,29.91,4.5,5.4,6.4,54,0.05,1.8,12.868958,11.8776815,27.9,6,7,6
83.3,52.8,29.89,5.3,6.5,6.3,65,1.44,3.1,14.019114,11.9830651,26.2,6,7,6
82.9,64.3,29.89,4.9,5.7,7.2,56,0.04,1.5,13.966257,11.7727738,27.7,6,7,6
78.6,59.1,29.95,5.0,6.0,6.7,59,1.05,4.0,12.567591,11.5620281,26.7,6,13,6
64.8,51.1,29.93,4.8,5.3,7.2,52,0.99,5.8,11.081553,6.1638923,21.9,5,22,6
73.9,49.8,30.08,5.7,6.7,9.0,53,1.7,3.9,12.747933,9.1742932,24.9,4,13,6
66.4,62.5,30.03,5.2,5.6,6.4,53,0.57,4.8,11.200814,11.9024727,25.5,6,20,6
66.2,52.3,30.0,5.3,5.6,8.4,53,0.81,6.0,11.380076,6.3400959,22.4,5,22,6
69.8,57.1,29.94,4.6,5.1,8.1,53,0.05,2.5,12.220239,7.8103891,26.2,5,15,6
83.3,64.7,29.89,4.5,5.4,7.0,60,0.04,1.5,13.803161,11.7932782,28.1,6,7,6
64.1,51.2,30.03,5.9,6.2,9.2,59,0.04,3.5,12.446164,7.1920398,22.3,5,22,6
72.9,56.3,29.93,5.8,6.5,7.3,62,0.24,3.7,13.083333,11.03333,25.5,5,17,6
64.0,49.9,30.05,6.0,6.5,9.0,61,1.71,5.7,10.522808,6.2101483,21.7,4,21,6
83.3,63.1,30.08,5.2,6.1,7.8,52,1.57,4.1,13.511974,11.9992908,27.2,5,7,6
67.6,57.7,30.07,4.5,5.1,8.2,50,1.63,6.2,10.061387,6.160244,24.2,4,21,6
64.1,50.1,30.08,4.7,5.7,9.1,55,1.71,6.8,10.284786,6.0265597,21.7,4,22,6
78.9,51.2,29.95,4.8,6.3,7.4,60,1.56,5.3,13.442908,9.7008898,22.7,5,12,6
73.4,60.6,29.95,4.5,5.0,8.2,55,0.07,2.9,11.704094,8.1552248,26.8,6,18,6
82.4,63.9,29.93,4.7,5.8,7.3,56,0.04,1.6,13.762214,11.9423788,28.0,6,7,6
80.1,64.9,29.89,4.8,5.2,6.3,53,0.04,1.9,12.993592,11.8798998,27.5,6,7,6
64.8,49.8,29.96,5.2,6.5,8.3,64,1.41,5.6,13.498142,6.5196303,21.7,5,22,6
83.3,64.9,29.89,4.7,5.7,6.2,53,0.04,1.5,13.647402,11.9996909,28.1,6,7,6
64.4,59.6,29.99,5.2,5.9,7.3,61,0.11,1.8,10.56005,11.0024142,27.9,6,11,6
82.3,55.6,29.94,5.6,6.0,8.3,54,0.3,1.9,13.336524,11.5930419,27.6,6,7,6
73.7,63.0,30.05,4.9,6.6,7.7,56,0.88,6.2,11.58725,9.4278316,24.8,4,20,6
73.2,51.3,29.89,5.7,6.0,7.1,64,0.04,1.7,13.986256,10.8848425,26.2,6,15,6
64.0,49.8,29.94,5.4,5.7,9.2,61,1.1,6.4,11.368017,6.0067573,21.7,4,22,6
64.4,49.9,29.9,5.4,6.7,8.7,63,0.04,4.0,13.602372,6.025865,21.7,5,22,6
69.6,57.9,29.91,4.7,5.4,8.4,58,0.06,5.1,12.297381,6.1743253,22.9,5,22,6
77.2,64.6,29.96,5.3,5.9,6.6,53,0.05,2.5,12.272204,11.9633848,27.7,6,10,6
79.8,60.4,29.9,4.9,5.6,6.4,60,0.09,2.8,13.410145,11.4108489,27.0,6,13,6
64.9,50.3,30.08,5.3,6.3,9.3,56,0.08,5.1,12.560772,6.0991172,22.1,4,22,6
67.1,50.0,30.03,6.0,6.8,8.9,57,0.08,2.3,13.070469,7.8477562,27.1,4,21,6
81.2,58.3,30.01,5.0,6.8,9.1,55,0.11,4.0,13.408277,8.0878696,25.5,4,9,6
68.6,51.3,30.1,4.8,5.7,9.2,51,1.64,6.3,10.705157,6.2094729,23.4,4,22,6
64.3,50.1,30.06,5.3,6.8,8.5,62,1.68,6.2,11.205533,6.4416336,22.4,4,22,6
80.0,58.3,29.97,4.7,6.7,8.3,54,0.04,1.7,13.486344,10.0872772,27.9,5,7,6
70.5,62.7,29.93,4.6,6.4,9.0,59,0.04,3.1,13.15889,6.4158164,25.3,5,18,6
68.0,51.4,30.03,5.5,6.3,8.0,59,1.22,6.9,12.0,8.083333,23.5,5,22,6
64.1,49.9,30.01,5.3,5.6,8.1,51,1.66,5.0,10.488608,6.0971034,22.1,4,21,6
80.4,64.1,29.9,4.9,6.3,7.5,60,0.04,1.7,13.833662,10.5721408,27.8,6,9,6
72.7,49.8,30.04,5.2,6.7,8.6,54,1.73,5.7,12.662788,6.6685645,21.9,4,17,6
78.4,56.5,29.91,5.2,5.6,6.8,54,0.12,2.0,12.975801,11.0138144,27.5,6,9,6
78.9,60.0,30.08,4.5,5.5,8.6,54,0.11,1.9,12.617017,11.6494491,27.9,5,7,6
83.1,64.9,29.89,4.5,5.5,6.2,58,0.04,1.6,13.729591,11.99802,28.0,6,7,6
64.1,50.3,29.91,5.8,6.5,8.9,58,0.11,5.4,11.586285,6.0082834,21.7,4,22,6
80.6,62.6,29.92,5.2,6.7,7.9,54,0.05,2.4,13.06144,10.3108222,27.6,5,10,6
65.5,50.1,30.07,4.7,5.9,7.7,51,1.73,6.9,10.121193,6.150539,21.7,4,22,6
68.2,56.8,29.9,5.6,5.1,6.5,56,0.25,4.6,12.005414,8.2025561,23.7,6,22,6
80.7,63.8,29.89,4.7,6.3,8.9,55,0.04,1.6,13.808273,7.2757457,27.7,5,7,6
69.0,54.2,29.91,4.9,5.6,7.7,56,0.47,3.7,11.57181,6.4800146,25.0,5,16,6
81.1,60.5,29.89,5.2,6.8,6.8,53,0.05,3.4,13.736801,10.7457774,25.0,6,9,6
67.6,56.6,30.04,5.4,6.6,8.1,55,1.42,2.9,10.520697,9.7451187,27.4,5,8,6
77.4,62.9,29.91,5.4,6.7,6.8,64,0.04,2.0,13.953648,11.9726046,27.4,6,12,6
65.2,52.5,30.0,5.1,6.0,6.7,55,1.71,6.8,10.816426,7.7523464,21.7,5,22,6
67.7,56.5,30.09,5.4,6.7,9.2,58,0.04,4.5,13.20464,10.0159482,25.8,4,22,6
81.8,57.5,29.89,4.5,5.2,6.4,61,0.04,1.6,13.85609,11.8885843,28.0,6,7,6
82.7,56.7,29.91,4.5,5.1,6.6,54,1.06,4.2,13.581867,11.3743138,24.1,6,8,6
83.3,60.5,29.98,5.4,6.1,6.5,61,1.36,3.1,13.833967,11.9997271,27.5,6,7,6
64.9,59.6,29.91,4.8,5.5,8.4,54,0.04,2.5,10.925154,6.0864613,26.6,5,20,6
69.9,49.9,30.01,6.0,6.6,9.1,64,1.69,5.6,12.709512,6.4759831,22.5,4,21,6
79.4,64.3,29.97,4.7,6.0,7.4,60,0.42,3.9,11.980782,11.4774238,27.2,6,10,6
64.2,49.8,30.0,5.6,6.4,9.3,57,0.48,6.6,12.115391,6.0067641,21.7,4,22,6
68.6,56.3,29.97,5.1,5.7,9.0,56,0.04,3.9,13.084789,7.5592621,23.0,5,19,6
67.0,49.8,30.1,5.4,6.8,9.2,55,1.73,5.9,10.827065,7.5479676,24.9,4,20,6
68.7,50.0,30.07,4.8,5.2,8.5,51,1.43,3.0,11.686685,8.8608417,25.8,5,14,6
80.7,63.3,29.93,4.6,6.1,6.7,62,0.05,2.4,13.700774,11.9649043,27.6,6,10,6
73.7,54.5,30.05,4.7,5.3,7.2,50,1.72,4.5,10.365132,9.4625878,26.8,5,14,6
64.0,50.0,30.06,4.7,5.6,9.3,50,1.52,6.7,10.099236,6.0066667,21.7,4,22,6
68.1,58.3,30.1,5.8,6.5,9.2,52,0.06,4.3,12.007359,9.6038118,25.5,4,21,6
76.5,53.9,29.89,4.6,5.2,6.8,59,0.07,2.8,13.299074,6.6247775,24.8,6,13,6
83.1,61.7,29.94,5.1,5.8,6.3,55,0.26,2.6,13.919724,11.999858,27.3,6,7,6
81.8,64.4,29.9,5.4,5.7,6.5,59,0.07,3.5,13.549931,11.954853,26.0,6,9,6
64.4,49.9,30.0,5.5,6.6,9.1,62,0.25,4.6,12.680938,6.1380062,22.0,4,22,6
75.5,53.5,29.9,5.3,5.8,8.5,53,0.05,2.4,13.166161,6.5405115,25.3,5,14,6
68.5,55.3,29.97,5.4,6.3,7.0,59,0.63,4.9,12.23511,9.9624409,24.9,5,21,6
82.1,64.6,29.96,4.7,5.8,6.3,54,0.23,3.9,13.088462,11.9891043,27.2,6,11,6
65.2,54.9,29.9,5.8,6.3,7.8,63,0.04,2.5,13.555928,9.8622883,24.3,6,20,6
69.9,59.2,30.07,4.9,6.7,9.1,52,0.15,4.1,11.463067,7.4175192,25.8,4,14,6
80.4,58.2,29.96,5.1,6.5,7.9,60,0.05,2.2,13.539849,11.1907379,27.7,5,11,6
69.7,59.1,29.9,5.6,5.5,7.0,57,0.07,3.0,12.198182,8.935688,26.0,6,17,6
70.9,60.9,29.91,4.5,5.1,6.3,61,0.3,2.2,11.70667,11.5461218,27.7,6,10,6
77.6,56.4,29.94,4.7,6.3,6.4,61,1.69,5.1,11.885843,10.1459238,26.2,5,14,6
73.0,62.1,30.09,5.0,6.8,9.0,52,0.05,3.6,12.610406,11.1011309,26.3,4,9,6
71.6,57.5,29.93,5.3,6.0,7.0,57,1.1,4.9,11.613096,8.8491561,25.1,5,19,6
76.9,62.6,29.94,4.7,6.2,7.9,52,0.04,1.5,12.69221,10.4990339,28.1,5,8,6
67.5,61.9,30.03,5.1,5.5,6.9,65,0.95,4.8,11.821294,11.9463537,26.6,6,21,6
73.6,64.8,30.03,4.6,5.3,6.7,51,0.06,2.2,11.087109,11.9067318,28.0,6,8,6
71.0,49.8,30.05,4.9,5.0,9.0,54,1.58,4.7,12.836956,6.6427882,21.9,4,18,6
72.0,51.9,29.93,4.5,6.2,8.6,58,0.19,2.6,12.301127,6.1433186,26.5,5,12,6
66.7,53.8,29.91,4.9,6.0,9.2,54,0.04,5.1,12.938019,6.0106716,21.7,4,22,6
74.6,63.3,29.89,5.6,6.0,7.0,54,0.04,3.5,13.52227,9.7704625,23.4,6,12,6
78.8,60.3,29.92,4.8,5.3,6.4,58,0.53,4.4,13.206707,11.7732642,24.8,6,13,6
79.1,58.3,29.89,5.2,6.1,6.3,55,0.04,1.6,13.98195,11.9873369,27.5,6,10,6
64.9,49.9,29.98,5.6,6.7,8.9,58,1.52,4.3,11.453046,6.0914347,23.8,4,20,6
71.4,63.0,29.89,4.7,5.9,7.6,63,0.04,1.8,13.517943,8.0982024,27.6,6,17,6
71.7,59.6,29.91,4.8,5.1,8.0,52,0.04,2.6,12.154264,6.9757122,26.3,5,17,6
80.5,64.3,29.92,5.3,5.8,6.4,61,0.04,1.6,13.876829,11.9996338,27.9,6,7,6
75.0,51.4,29.89,4.9,5.4,6.5,58,0.14,4.0,13.699649,7.7438009,22.3,6,19,6
72.0,63.9,29.92,5.5,6.5,7.4,61,0.04,3.7,13.510807,11.1833464,25.0,6,18,6
72.3,57.5,30.09,4.6,5.8,7.9,57,1.44,3.2,11.036483,11.3745486,27.8,5,10,6
81.0,57.9,30.05,5.9,6.4,8.6,56,0.12,5.1,13.85143,11.8727471,23.8,5,19,6
82.3,64.1,29.9,4.6,5.2,6.6,53,0.04,1.8,12.955941,11.3734147,28.0,6,8,6
69.0,49.9,30.06,4.7,6.1,9.3,57,1.09,4.3,12.172517,6.0385302,23.5,4,16,6
78.8,64.9,29.95,4.6,5.9,7.0,57,0.04,2.0,12.58595,11.909206,28.0,6,12,6
75.0,59.7,29.97,5.3,6.5,8.7,51,0.74,6.1,11.619297,6.488484,22.3,4,18,6
69.1,49.9,30.0,5.5,6.7,8.9,56,0.55,3.5,13.412413,7.0161369,23.3,4,15,6
66.8,50.4,30.08,5.7,6.3,8.1,53,1.72,5.3,11.217214,10.3723191,23.6,5,15,6
75.6,63.6,29.97,5.0,6.4,9.2,57,0.04,2.4,13.084961,7.2988283,27.1,5,15,6
82.1,64.5,29.9,4.9,6.6,6.5,58,0.04,2.1,13.655057,11.898701,27.8,6,7,6
65.0,49.8,30.06,4.9,6.6,9.3,57,0.97,3.3,12.941264,6.1170858,23.1,4,20,6
74.8,52.5,29.96,5.3,6.6,9.2,56,0.13,3.3,12.86637,6.4336896,25.1,5,13,6
83.1,63.7,29.89,5.0,5.8,6.3,58,0.04,1.5,13.868745,11.9682307,27.9,6,7,6
79.5,64.2,29.91,4.6,5.9,6.8,65,0.04,2.1,13.724853,11.9422276,27.7,6,9,6
77.1,53.0,30.1,4.5,5.0,8.2,52,1.73,6.6,10.177722,8.2096291,25.4,4,17,6
82.4,64.9,29.89,5.3,6.6,6.7,63,0.04,2.0,13.842133,11.9775444,27.8,6,7,6
69.5,57.6,29.93,4.6,5.2,8.5,60,0.2,4.2,11.364627,6.1806983,25.8,5,21,6
69.9,57.7,29.98,5.1,6.6,8.4,51,0.06,4.4,11.883113,6.4856418,25.1,4,21,6
68.2,49.8,30.08,5.7,6.8,9.1,53,1.73,6.0,11.250337,6.1934218,23.2,4,21,6
79.6,54.4,29.92,4.7,5.1,6.6,56,0.07,1.6,13.590109,11.9588628,27.9,6,7,6
71.4,64.2,29.97,4.8,5.6,7.1,54,0.04,2.0,12.802203,11.5855698,27.8,5,17,6
72.4,56.2,30.07,5.0,6.5,8.2,53,1.69,5.9,10.863185,8.1220989,25.2,4,16,6
67.2,49.9,30.07,4.7,5.2,7.0,52,1.73,6.5,10.242994,7.8504657,22.8,4,18,6
64.3,51.2,29.95,5.2,6.7,8.1,58,0.05,4.9,13.107607,6.8258941,21.7,5,22,6
65.8,50.6,30.1,5.0,6.7,9.3,51,1.73,6.9,10.291575,6.1721658,21.7,4,22,6
64.2,54.4,30.06,5.4,6.5,9.2,54,0.21,5.8,10.630523,6.062842,22.6,4,22,6
64.4,49.9,30.07,5.1,6.8,9.2,62,0.75,6.9,12.996071,6.0352123,21.7,4,22,6
66.5,50.3,29.99,5.8,6.4,7.2,58,1.62,5.2,11.77004,8.4723155,24.2,5,22,6
67.4,54.3,30.06,5.4,6.1,8.0,52,1.53,4.9,10.896047,9.9442342,25.2,5,18,6
73.9,60.0,29.98,5.2,6.5,8.6,61,0.05,2.4,12.594091,9.8970534,27.6,5,13,6
73.9,49.9,30.0,5.1,5.7,8.5,56,1.6,3.2,12.637304,7.1894901,25.5,4,12,6
76.1,62.8,30.07,4.5,5.6,7.9,52,1.6,5.2,10.519632,9.3594078,26.5,5,9,6
80.9,64.6,30.02,4.7,6.2,6.4,63,0.92,5.4,13.003182,11.9955201,26.6,6,14,6
82.3,62.8,29.93,4.7,5.4,6.2,57,0.92,1.9,12.862278,11.9997831,28.1,6,7,6
82.6,64.2,29.92,4.5,5.1,8.6,51,0.04,1.9,13.318097,8.9567275,27.6,5,8,6
66.7,64.7,30.01,4.5,5.1,7.9,51,0.04,2.4,10.353907,7.3339745,27.8,5,18,6
74.7,64.0,29.97,4.9,5.8,7.5,52,0.38,5.9,11.274439,7.8426876,24.3,5,19,6
72.5,57.3,29.91,5.6,6.5,8.0,65,0.04,2.9,14.009746,11.5597059,24.9,6,21,6
77.6,57.5,30.09,4.8,6.3,8.7,51,0.12,3.0,12.687872,11.1197797,27.5,4,14,6
74.9,55.1,30.09,4.8,6.2,8.5,60,1.59,5.1,12.558843,11.7765493,24.6,5,9,6
70.2,50.7,30.08,4.6,6.2,9.0,59,1.72,3.5,10.545348,6.9690669,27.2,4,8,6
76.9,59.2,29.93,5.5,5.8,6.9,53,0.05,2.6,13.148614,11.3783453,26.7,6,14,6
64.4,59.7,30.04,5.3,5.4,9.2,51,0.1,4.7,10.182519,6.037263,24.2,4,21,6
64.3,49.8,30.09,5.2,5.8,9.3,52,1.72,5.6,10.301676,6.0176667,22.7,4,21,6
77.2,63.1,29.95,4.8,6.1,7.0,50,0.05,2.1,11.884234,10.7287804,27.7,5,7,6
